date;draw_id;boule_1;boule_2;boule_3;boule_4;boule_5;etoile_1;etoile_2
2004-02-13;12004;16;29;32;36;41;7;9
2004-02-20;22004;7;13;39;47;50;2;5
2004-02-27;32004;14;18;19;31;37;4;5
2004-03-05;42004;4;7;33;37;39;1;5
2004-03-12;52004;15;24;28;44;47;4;5
2004-03-19;62004;33;36;37;42;45;4;9
2004-03-26;72004;3;4;10;23;43;2;4
2004-04-02;82004;4;12;24;27;36;2;9
2004-04-09;92004;1;4;10;19;23;2;8
2004-04-16;102004;14;15;28;35;40;1;3
2004-04-23;112004;6;10;21;45;49;3;5
2004-04-30;122004;5;6;16;23;27;6;7
2004-05-07;132004;15;16;21;36;38;1;5
2004-05-14;142004;1;3;21;32;39;2;6
2004-05-21;152004;15;29;37;39;49;4;9
2004-05-28;162004;6;11;35;41;44;5;6
2004-06-04;172004;9;13;34;41;42;3;7
2004-06-11;182004;2;7;8;10;47;1;7
2004-06-18;192004;2;23;28;40;43;2;6
2004-06-25;202004;3;21;30;34;35;1;2
2004-07-02;212004;4;23;24;28;34;1;3
2004-07-09;222004;2;5;12;19;44;8;9
2004-07-16;232004;24;26;31;38;50;5;8
2004-07-23;242004;7;10;27;31;34;3;8
2004-07-30;252004;9;10;19;37;50;1;6
2004-08-06;262004;5;15;24;35;44;5;6
2004-08-13;272004;20;27;41;43;50;5;8
2004-08-20;282004;6;9;10;27;35;6;8
2004-08-27;292004;1;11;22;28;44;1;9
2004-09-03;302004;8;12;14;15;34;6;7
2004-09-10;312004;5;25;33;36;38;2;5
2004-09-17;322004;15;18;29;39;41;5;8
2004-09-24;332004;21;26;27;44;48;1;7
2004-10-01;342004;12;20;21;45;48;5;6
2004-10-08;352004;1;10;12;16;48;2;6
2004-10-15;362004;14;21;22;37;43;5;8
2004-10-22;372004;1;9;23;25;40;3;9
2004-10-29;382004;1;8;32;35;38;4;9
2004-11-05;392004;6;19;25;42;49;1;7
2004-11-12;402004;4;11;12;13;32;3;9
2004-11-19;412004;1;18;29;34;37;2;6
2004-11-26;422004;1;4;24;34;36;6;8
2004-12-03;432004;1;11;15;42;49;3;4
2004-12-10;442004;1;3;13;16;43;2;7
2004-12-17;452004;15;19;22;46;49;2;9
2004-12-24;462004;3;4;27;29;37;5;6
2004-12-31;472004;7;8;24;25;47;8;9
2005-01-07;12005;3;23;27;47;50;2;3
2005-01-14;22005;6;11;14;19;29;1;3
2005-01-21;32005;10;12;14;24;26;5;8
2005-01-28;42005;7;21;26;43;45;5;7
2005-02-04;52005;1;8;11;30;40;7;8
2005-02-11;62005;11;13;25;32;50;4;7
2005-02-18;72005;20;21;26;32;46;8;9
2005-02-25;82005;3;27;30;43;44;4;8
2005-03-04;92005;12;24;32;37;39;7;9
2005-03-11;102005;8;12;23;40;43;1;4
2005-03-18;112005;6;23;39;43;48;5;7
2005-03-25;122005;4;29;33;37;38;6;9
2005-04-01;132005;25;26;41;44;47;3;7
2005-04-08;142005;7;11;25;31;50;1;3
2005-04-15;152005;6;28;31;38;42;3;9
2005-04-22;162005;3;10;13;24;47;5;9
2005-04-29;172005;3;9;35;39;42;1;8
2005-05-06;182005;7;12;21;26;44;6;8
2005-05-13;192005;12;17;31;32;40;2;9
2005-05-20;202005;6;7;13;28;47;5;8
2005-05-27;212005;2;24;31;48;50;4;9
2005-06-03;222005;3;8;11;17;50;1;5
2005-06-10;232005;6;7;32;37;47;1;7
2005-06-17;242005;4;8;10;18;21;1;7
2005-06-24;252005;6;8;14;15;45;7;8
2005-07-01;262005;4;5;23;25;28;3;4
2005-07-08;272005;35;36;42;46;49;2;8
2005-07-15;282005;1;11;12;23;42;3;6
2005-07-22;292005;3;14;41;48;49;1;4
2005-07-29;302005;3;19;26;49;50;4;5
2005-08-05;312005;2;11;21;22;30;4;6
2005-08-12;322005;15;23;30;37;40;7;9
2005-08-19;332005;11;24;29;31;41;1;3
2005-08-26;342005;9;29;35;40;41;1;6
2005-09-02;352005;3;4;14;43;50;3;6
2005-09-09;362005;8;12;19;31;50;6;7
2005-09-16;372005;12;13;19;21;38;3;9
2005-09-23;382005;1;26;31;34;47;4;9
2005-09-30;392005;6;11;47;48;50;1;6
2005-10-07;402005;2;13;21;26;44;3;9
2005-10-14;412005;10;11;19;20;23;1;6
2005-10-21;422005;1;14;19;29;33;1;8
2005-10-28;432005;14;36;44;47;50;3;5
2005-11-04;442005;26;36;37;38;42;2;6
2005-11-11;452005;15;16;36;41;42;3;5
2005-11-18;462005;17;18;25;34;48;2;3
2005-11-25;472005;1;6;27;39;47;1;6
2005-12-02;482005;1;9;20;23;30;4;7
2005-12-09;492005;11;18;35;38;42;1;5
2005-12-16;502005;2;3;15;18;32;6;7
2005-12-23;512005;15;31;36;37;42;1;7
2005-12-30;522005;8;16;19;43;45;1;4
2006-01-06;12006;2;6;9;14;26;4;5
2006-01-13;22006;8;12;19;33;34;1;6
2006-01-20;32006;12;15;33;44;50;2;6
2006-01-27;42006;9;15;21;40;49;1;4
2006-02-03;52006;9;21;30;39;50;1;3
2006-02-10;62006;5;6;38;48;50;6;7
2006-02-17;72006;4;23;24;26;38;2;4
2006-02-24;82006;1;11;18;19;47;3;7
2006-03-03;92006;3;5;8;10;44;3;5
2006-03-10;102006;1;21;33;45;49;4;8
2006-03-17;112006;5;32;44;45;50;1;7
2006-03-24;122006;17;28;33;35;47;4;9
2006-03-31;132006;3;20;31;45;50;6;7
2006-04-07;142006;12;13;29;44;50;4;5
2006-04-14;152006;16;26;34;35;49;2;6
2006-04-21;162006;1;20;22;37;46;1;9
2006-04-28;172006;5;10;17;22;33;5;7
2006-05-05;182006;4;8;14;16;50;3;9
2006-05-12;192006;5;20;23;34;50;1;5
2006-05-19;202006;3;5;25;34;49;5;8
2006-05-26;212006;2;12;21;41;49;3;7
2006-06-02;222006;7;8;27;41;48;1;6
2006-06-09;232006;3;12;15;34;39;4;6
2006-06-16;242006;1;16;26;30;36;3;9
2006-06-23;252006;9;21;30;43;44;1;9
2006-06-30;262006;6;15;16;40;43;1;2
2006-07-07;272006;7;9;18;35;43;5;7
2006-07-14;282006;1;7;17;31;36;2;8
2006-07-21;292006;2;4;9;38;50;6;8
2006-07-28;302006;3;8;12;29;43;6;7
2006-08-04;312006;1;14;15;26;32;3;7
2006-08-11;322006;27;28;31;46;47;2;5
2006-08-18;332006;12;37;39;40;50;1;2
2006-08-25;342006;10;28;40;47;48;6;8
2006-09-01;352006;3;7;25;45;50;6;9
2006-09-08;362006;1;10;12;32;33;1;8
2006-09-15;372006;6;10;16;26;49;7;9
2006-09-22;382006;10;29;30;45;49;3;8
2006-09-29;392006;1;3;6;18;24;5;8
2006-10-06;402006;5;11;22;35;38;7;8
2006-10-13;412006;2;25;32;38;41;3;5
2006-10-20;422006;10;19;34;45;47;3;6
2006-10-27;432006;3;4;8;44;50;7;8
2006-11-03;442006;11;13;24;44;49;3;9
2006-11-10;452006;14;21;27;30;36;2;3
2006-11-17;462006;12;22;32;33;36;2;6
2006-11-24;472006;5;8;17;25;40;1;5
2006-12-01;482006;4;8;16;37;41;2;5
2006-12-08;492006;16;17;18;36;47;1;2
2006-12-15;502006;9;23;35;37;42;3;7
2006-12-22;512006;9;11;20;38;43;2;3
2006-12-29;522006;6;9;13;14;35;3;4
2007-01-05;12007;17;19;29;36;45;5;6
2007-01-12;22007;8;11;14;19;25;3;5
2007-01-19;32007;5;13;27;33;42;2;4
2007-01-26;42007;11;15;23;30;38;4;9
2007-02-02;52007;14;23;27;30;36;1;6
2007-02-09;62007;14;16;30;36;46;2;8
2007-02-16;72007;8;19;20;39;50;6;9
2007-02-23;82007;2;15;18;20;22;2;5
2007-03-02;92007;3;16;34;38;48;5;8
2007-03-09;102007;2;3;25;43;48;6;9
2007-03-16;112007;4;14;31;45;49;4;9
2007-03-23;122007;5;13;17;40;43;1;3
2007-03-30;132007;9;17;19;41;46;1;8
2007-04-06;142007;15;23;29;41;48;3;6
2007-04-13;152007;7;20;25;38;41;3;7
2007-04-20;162007;23;26;32;41;45;3;7
2007-04-27;172007;7;18;27;36;44;1;2
2007-05-04;182007;6;17;35;41;45;1;5
2007-05-11;192007;7;12;26;29;49;2;6
2007-05-18;202007;26;34;37;39;49;2;6
2007-05-25;212007;25;26;29;49;50;7;8
2007-06-01;222007;6;22;37;41;42;6;9
2007-06-08;232007;1;15;17;25;45;2;8
2007-06-15;242007;5;7;14;21;40;3;8
2007-06-22;252007;11;16;17;22;34;5;6
2007-06-29;262007;8;12;28;33;45;1;3
2007-07-06;272007;4;5;19;39;41;8;9
2007-07-13;282007;9;13;15;31;48;3;6
2007-07-20;292007;10;21;25;26;50;4;9
2007-07-27;302007;1;4;21;29;41;7;8
2007-08-03;312007;10;30;33;37;41;1;8
2007-08-10;322007;23;40;42;43;49;2;6
2007-08-17;332007;2;3;13;38;42;7;8
2007-08-24;342007;1;3;16;42;48;2;3
2007-08-31;352007;6;18;22;23;37;5;6
2007-09-07;362007;2;3;33;34;42;3;5
2007-09-14;372007;5;9;11;29;33;7;9
2007-09-21;382007;1;17;32;35;37;1;8
2007-09-28;392007;22;30;34;35;44;4;5
2007-10-05;402007;11;20;27;35;44;2;5
2007-10-12;412007;21;32;36;46;47;3;4
2007-10-19;422007;7;18;34;35;40;7;8
2007-10-26;432007;7;20;38;40;43;1;8
2007-11-02;442007;3;16;18;19;40;1;2
2007-11-09;452007;5;14;22;25;36;5;6
2007-11-16;462007;9;18;23;33;37;1;8
2007-11-23;472007;2;10;22;29;48;3;9
2007-11-30;482007;12;19;20;30;38;7;9
2007-12-07;492007;2;4;32;43;48;1;7
2007-12-14;502007;8;25;30;36;44;3;4
2007-12-21;512007;7;9;28;37;44;6;7
2007-12-28;522007;20;21;22;31;45;7;9
2008-01-04;12008;10;12;24;25;41;3;5
2008-01-11;22008;8;24;36;49;50;4;8
2008-01-18;32008;14;16;23;40;46;4;8
2008-01-25;42008;2;6;9;19;45;7;8
2008-02-01;52008;22;30;45;47;49;4;9
2008-02-08;62008;17;28;30;38;44;1;4
2008-02-15;72008;12;27;29;45;46;4;7
2008-02-22;82008;4;27;32;46;50;8;9
2008-02-29;92008;12;37;40;47;49;2;9
2008-03-07;102008;2;7;14;17;35;1;6
2008-03-14;112008;13;21;25;35;48;4;8
2008-03-21;122008;2;10;18;22;36;4;6
2008-03-28;132008;5;9;17;29;39;3;6
2008-04-04;142008;11;13;18;37;47;1;6
2008-04-11;152008;6;25;30;45;50;5;7
2008-04-18;162008;3;6;7;27;50;5;9
2008-04-25;172008;4;19;26;27;30;3;8
2008-05-02;182008;2;26;37;45;48;4;8
2008-05-09;192008;8;9;40;42;45;6;7
2008-05-16;202008;6;9;15;25;38;4;9
2008-05-23;212008;5;9;19;21;38;1;7
2008-05-30;222008;5;7;14;20;49;2;8
2008-06-06;232008;7;19;21;40;50;2;9
2008-06-13;242008;13;16;37;44;50;1;9
2008-06-20;252008;8;11;36;37;45;3;5
2008-06-27;262008;5;20;26;44;50;5;7
2008-07-04;272008;7;19;22;27;48;5;7
2008-07-11;282008;9;11;13;19;37;3;4
2008-07-18;292008;10;14;16;29;44;5;6
2008-07-25;302008;7;11;15;24;29;2;7
2008-08-01;312008;1;22;25;40;50;1;8
2008-08-08;322008;4;5;15;16;45;4;7
2008-08-15;332008;11;17;18;26;31;5;6
2008-08-22;342008;7;27;29;39;50;5;7
2008-08-29;352008;2;20;25;37;39;5;8
2008-09-05;362008;7;12;16;17;39;3;8
2008-09-12;372008;19;23;33;37;50;3;7
2008-09-19;382008;14;16;19;20;31;6;9
2008-09-26;392008;14;29;31;33;37;1;2
2008-10-03;402008;4;13;19;23;38;2;3
2008-10-10;412008;4;15;22;31;41;1;6
2008-10-17;422008;3;10;12;42;50;1;5
2008-10-24;432008;7;15;16;17;45;6;9
2008-10-31;442008;3;18;25;34;41;2;5
2008-11-07;452008;1;9;12;17;18;3;4
2008-11-14;462008;8;10;14;21;26;3;4
2008-11-21;472008;9;14;21;49;50;3;8
2008-11-28;482008;8;11;16;25;41;2;4
2008-12-05;492008;4;8;21;35;45;5;8
2008-12-12;502008;2;19;28;42;49;2;7
2008-12-19;512008;28;29;40;46;50;5;7
2008-12-26;522008;1;2;26;44;50;1;7
2009-01-02;12009;29;30;36;37;48;1;6
2009-01-09;22009;7;15;22;28;48;1;4
2009-01-16;32009;3;17;22;49;50;3;6
2009-01-23;42009;32;33;36;40;49;2;8
2009-01-30;52009;4;29;34;35;46;5;8
2009-02-06;62009;10;20;30;36;40;3;5
2009-02-13;72009;22;33;36;40;42;1;2
2009-02-20;82009;9;12;13;14;48;1;2
2009-02-27;92009;5;9;37;44;45;6;9
2009-03-06;102009;13;17;19;25;35;5;6
2009-03-13;112009;12;24;26;36;42;1;4
2009-03-20;122009;12;16;23;31;35;4;6
2009-03-27;132009;25;33;36;38;42;6;7
2009-04-03;142009;2;20;24;32;46;1;9
2009-04-10;152009;9;14;16;37;46;2;4
2009-04-17;162009;4;7;21;44;47;1;5
2009-04-24;172009;4;14;21;24;41;5;8
2009-05-01;182009;5;19;31;38;47;3;5
2009-05-08;192009;4;23;24;29;31;8;9
2009-05-15;202009;8;18;19;20;42;5;9
2009-05-22;212009;4;13;14;33;43;1;6
2009-05-29;222009;2;5;30;37;47;3;6
2009-06-05;232009;11;19;26;35;40;2;5
2009-06-12;242009;6;14;16;34;50;4;6
2009-06-19;252009;4;16;17;20;29;5;7
2009-06-26;262009;6;11;21;30;39;2;8
2009-07-03;272009;21;29;34;46;47;6;8
2009-07-10;282009;6;16;20;42;46;1;6
2009-07-17;292009;2;8;17;32;50;3;7
2009-07-24;302009;14;15;25;35;47;5;9
2009-07-31;312009;5;9;20;21;26;3;6
2009-08-07;322009;10;20;22;24;31;2;7
2009-08-14;332009;5;8;24;30;49;3;9
2009-08-21;342009;4;7;16;31;42;3;5
2009-08-28;352009;8;36;37;41;49;5;7
2009-09-04;362009;6;9;20;38;39;3;9
2009-09-11;372009;12;15;35;42;43;4;6
2009-09-18;382009;6;16;30;38;41;2;4
2009-09-25;392009;6;17;18;21;34;3;9
2009-10-02;402009;22;23;24;29;44;1;5
2009-10-09;412009;7;11;29;46;50;4;7
2009-10-16;422009;12;23;30;31;47;3;4
2009-10-23;432009;6;18;20;29;31;2;8
2009-10-30;442009;9;33;35;38;40;2;6
2009-11-06;452009;11;19;34;43;45;5;9
2009-11-13;462009;13;15;25;26;32;3;4
2009-11-20;472009;5;9;28;43;47;2;9
2009-11-27;482009;5;8;13;15;33;8;9
2009-12-04;492009;18;19;25;30;44;1;3
2009-12-11;502009;20;41;43;44;46;2;9
2009-12-18;512009;14;30;32;35;49;3;8
2009-12-25;522009;4;5;14;17;34;3;5
2010-01-01;12010;9;22;24;27;36;5;7
2010-01-08;22010;4;5;14;44;46;8;9
2010-01-15;32010;11;26;29;49;50;4;7
2010-01-22;42010;4;22;27;36;44;7;9
2010-01-29;52010;9;17;30;39;43;5;7
2010-02-05;62010;34;35;38;39;46;3;4
2010-02-12;72010;1;5;18;38;45;4;6
2010-02-19;82010;12;31;37;38;43;2;3
2010-02-26;92010;7;11;18;29;42;6;7
2010-03-05;102010;12;18;19;43;49;3;9
2010-03-12;112010;1;26;33;36;46;6;7
2010-03-19;122010;10;28;30;38;39;2;7
2010-03-26;132010;8;16;18;37;43;2;6
2010-04-02;142010;12;18;24;26;45;4;5
2010-04-09;152010;7;21;23;24;44;3;4
2010-04-16;162010;9;11;17;26;40;3;9
2010-04-23;172010;3;7;8;43;46;6;8
2010-04-30;182010;6;22;24;25;36;3;8
2010-05-07;192010;3;6;15;21;32;7;9
2010-05-14;202010;1;17;31;43;47;2;3
2010-05-21;212010;7;19;30;38;50;4;7
2010-05-28;222010;4;9;31;32;33;3;7
2010-06-04;232010;4;17;34;40;42;4;9
2010-06-11;242010;2;22;24;36;44;1;2
2010-06-18;252010;2;29;31;32;38;1;4
2010-06-25;262010;1;8;18;28;31;8;9
2010-07-02;272010;12;13;36;41;46;1;8
2010-07-09;282010;9;24;37;39;49;3;9
2010-07-16;292010;38;39;45;46;49;7;8
2010-07-23;302010;4;13;35;37;46;3;9
2010-07-30;312010;3;4;11;28;39;2;8
2010-08-06;322010;13;25;28;29;42;4;5
2010-08-13;332010;4;9;15;21;47;2;7
2010-08-20;342010;5;27;31;40;42;1;6
2010-08-27;352010;1;6;13;30;49;1;9
2010-09-03;362010;13;24;26;47;49;4;8
2010-09-10;372010;17;21;35;41;45;1;5
2010-09-17;382010;17;27;29;38;50;1;3
2010-09-24;392010;1;4;16;40;48;1;9
2010-10-01;402010;1;4;6;27;48;1;6
2010-10-08;412010;9;30;35;39;46;6;8
2010-10-15;422010;2;31;36;38;43;3;7
2010-10-22;432010;4;5;9;11;39;3;5
2010-10-29;442010;16;20;22;32;42;8;9
2010-11-05;452010;21;23;33;40;50;4;5
2010-11-12;462010;7;19;23;29;47;1;6
2010-11-19;472010;12;15;32;36;45;7;9
2010-11-26;482010;9;28;36;41;49;5;7
2010-12-03;492010;8;19;28;32;46;4;7
2010-12-10;502010;2;3;10;33;46;7;8
2010-12-17;512010;3;20;29;35;42;3;8
2010-12-24;522010;19;36;38;42;46;2;8
2010-12-31;532010;2;24;34;38;43;1;7
2011-01-07;12011;1;22;32;48;50;6;7
2011-01-14;22011;2;14;24;39;44;6;7
2011-01-21;32011;3;11;13;18;21;4;5
2011-01-28;42011;13;23;24;41;42;1;5
2011-02-04;52011;2;11;24;35;47;5;9
2011-02-11;62011;12;14;15;19;23;7;8
2011-02-18;72011;2;3;15;45;49;5;9
2011-02-25;82011;12;13;42;45;48;3;9
2011-03-04;92011;11;25;27;28;41;5;8
2011-03-11;102011;17;19;24;37;46;2;7
2011-03-18;112011;1;13;20;26;50;6;7
2011-03-25;122011;6;12;21;27;33;3;7
2011-04-01;132011;4;17;21;22;33;4;8
2011-04-08;142011;21;23;38;47;50;2;6
2011-04-15;152011;4;6;21;39;41;2;6
2011-04-22;162011;11;22;36;45;48;1;4
2011-04-29;172011;15;25;38;40;41;1;2
2011-05-06;182011;11;16;20;22;28;4;9
2011-05-10;192011;3;10;15;28;45;5;7
2011-05-13;202011;9;11;17;36;47;1;2
2011-05-17;212011;20;21;37;45;46;2;3
2011-05-20;222011;10;14;20;25;42;8;11
2011-05-24;232011;16;23;24;26;29;2;9
2011-05-27;242011;9;17;25;28;49;8;9
2011-05-31;252011;1;9;10;22;50;5;11
2011-06-03;262011;4;39;40;49;50;2;5
2011-06-07;272011;6;25;36;38;40;4;10
2011-06-10;282011;3;19;20;37;48;8;11
2011-06-14;292011;5;12;19;41;48;8;10
2011-06-17;302011;11;16;21;22;44;3;8
2011-06-21;312011;17;20;35;49;50;3;4
2011-06-24;322011;5;16;20;30;41;6;11
2011-06-28;332011;15;16;30;44;50;2;3
2011-07-01;342011;8;11;23;31;46;8;9
2011-07-05;352011;11;28;29;47;49;1;5
2011-07-08;362011;12;13;23;40;49;7;10
2011-07-12;372011;17;19;38;42;45;9;10
2011-07-15;382011;6;26;33;34;39;3;4
2011-07-19;392011;3;16;25;26;35;5;9
2011-07-22;402011;4;15;23;49;50;2;6
2011-07-26;412011;1;5;22;25;48;3;11
2011-07-29;422011;12;19;27;37;38;5;10
2011-08-02;432011;5;8;14;24;33;3;8
2011-08-05;442011;13;14;18;32;34;1;10
2011-08-09;452011;7;23;24;34;36;8;11
2011-08-12;462011;7;10;20;27;37;4;7
2011-08-16;472011;1;13;17;18;45;3;8
2011-08-19;482011;6;14;16;28;31;2;11
2011-08-23;492011;4;6;14;42;50;2;4
2011-08-26;502011;12;22;25;33;45;5;7
2011-08-30;512011;2;8;10;19;46;5;9
2011-09-02;522011;12;26;37;38;44;4;7
2011-09-06;532011;35;42;47;48;50;8;9
2011-09-09;542011;5;21;28;31;34;1;2
2011-09-13;552011;9;28;30;32;49;9;10
2011-09-16;562011;2;8;17;39;42;3;10
2011-09-20;572011;9;19;25;36;38;7;11
2011-09-23;582011;6;14;33;34;48;2;6
2011-09-27;592011;18;27;28;35;40;3;5
2011-09-30;602011;5;15;28;31;44;1;6
2011-10-04;612011;14;16;23;38;45;8;11
2011-10-07;622011;18;26;34;38;42;5;8
2011-10-11;632011;1;4;12;16;48;9;10
2011-10-14;642011;12;23;29;32;47;3;5
2011-10-18;652011;18;23;37;46;48;2;10
2011-10-21;662011;2;19;33;37;46;5;8
2011-10-25;672011;12;22;27;28;39;4;10
2011-10-28;682011;16;17;20;39;50;4;8
2011-11-01;692011;14;20;23;45;46;1;11
2011-11-04;702011;11;14;41;43;50;2;9
2011-11-08;712011;1;4;15;29;40;1;5
2011-11-11;722011;1;4;18;23;30;3;7
2011-11-15;732011;6;17;22;45;47;3;11
2011-11-18;742011;4;12;24;39;44;2;4
2011-11-22;752011;16;18;24;38;40;2;4
2011-11-25;762011;14;19;26;28;34;5;8
2011-11-29;772011;11;25;41;45;50;2;7
2011-12-02;782011;7;27;30;40;43;8;9
2011-12-06;792011;19;20;21;34;38;3;9
2011-12-09;802011;12;21;29;44;47;1;2
2011-12-13;812011;7;12;18;33;37;1;11
2011-12-16;822011;2;5;10;23;31;2;5
2011-12-20;832011;1;9;12;14;48;1;7
2011-12-23;842011;7;21;22;24;28;1;11
2011-12-27;852011;19;21;25;26;44;3;7
2011-12-30;862011;16;36;43;44;50;7;8
2012-01-03;12012;3;30;42;45;49;5;10
2012-01-06;22012;1;6;10;12;31;2;7
2012-01-10;32012;4;9;10;30;40;2;9
2012-01-13;42012;13;14;21;27;39;6;8
2012-01-17;52012;12;22;30;31;44;5;6
2012-01-20;62012;2;10;22;27;28;6;8
2012-01-24;72012;1;2;6;20;36;8;11
2012-01-27;82012;10;13;19;39;44;2;6
2012-01-31;92012;9;34;38;43;45;2;4
2012-02-03;102012;16;19;20;25;28;1;10
2012-02-07;112012;3;15;17;28;33;2;4
2012-02-10;122012;3;8;14;31;41;7;11
2012-02-14;132012;14;27;36;42;46;8;11
2012-02-17;142012;4;11;28;38;47;10;11
2012-02-21;152012;11;14;24;25;29;7;11
2012-02-24;162012;3;7;12;26;34;8;10
2012-02-28;172012;1;10;17;33;48;2;3
2012-03-02;182012;5;6;11;30;44;2;6
2012-03-06;192012;23;24;27;37;47;2;6
2012-03-09;202012;3;32;36;39;47;6;9
2012-03-13;212012;1;10;25;43;47;8;9
2012-03-16;222012;3;4;12;23;50;4;7
2012-03-20;232012;15;16;28;30;46;3;4
2012-03-23;242012;9;15;23;31;50;8;11
2012-03-27;252012;24;27;29;34;36;7;8
2012-03-30;262012;4;17;23;36;46;6;10
2012-04-03;272012;1;8;18;25;30;9;10
2012-04-06;282012;11;20;30;35;45;2;3
2012-04-10;292012;22;25;27;36;37;5;9
2012-04-13;302012;8;13;26;39;43;3;5
2012-04-17;312012;10;28;33;48;49;1;10
2012-04-20;322012;3;6;29;32;41;10;11
2012-04-24;332012;8;9;24;43;48;3;5
2012-04-27;342012;20;27;30;36;43;1;6
2012-05-01;352012;4;5;15;19;41;9;11
2012-05-04;362012;3;26;39;40;41;1;2
2012-05-08;372012;3;21;34;38;48;5;8
2012-05-11;382012;1;13;17;38;44;2;11
2012-05-15;392012;2;11;13;26;50;2;5
2012-05-18;402012;13;29;43;47;50;9;11
2012-05-22;412012;16;31;32;37;41;1;7
2012-05-25;422012;12;22;35;46;49;2;8
2012-05-29;432012;8;15;17;25;28;3;11
2012-06-01;442012;2;4;14;26;36;9;10
2012-06-05;452012;13;34;37;47;49;8;9
2012-06-08;462012;5;11;22;34;40;9;11
2012-06-12;472012;8;15;26;30;48;9;10
2012-06-15;482012;10;22;27;38;48;3;7
2012-06-19;492012;7;17;20;35;50;5;11
2012-06-22;502012;14;18;19;43;49;3;7
2012-06-26;512012;1;11;20;22;35;8;10
2012-06-29;522012;14;17;28;29;39;1;11
2012-07-03;532012;2;7;22;27;40;3;6
2012-07-06;542012;31;32;38;40;42;1;3
2012-07-10;552012;1;3;16;24;37;1;8
2012-07-13;562012;8;18;25;35;46;4;9
2012-07-17;572012;2;7;24;43;46;8;10
2012-07-20;582012;10;19;23;45;49;9;10
2012-07-24;592012;4;16;18;25;44;1;11
2012-07-27;602012;14;15;21;23;48;2;10
2012-07-31;612012;4;29;35;36;39;8;9
2012-08-03;622012;24;34;35;42;46;1;5
2012-08-07;632012;20;27;34;46;50;2;3
2012-08-10;642012;11;17;21;48;50;9;10
2012-08-14;652012;1;16;38;42;45;9;10
2012-08-17;662012;19;25;28;33;44;2;8
2012-08-21;672012;4;5;17;38;48;3;4
2012-08-24;682012;5;6;12;19;37;3;7
2012-08-28;692012;1;18;25;26;44;4;5
2012-08-31;702012;16;28;31;33;48;7;11
2012-09-04;712012;11;17;18;39;44;5;10
2012-09-07;722012;13;15;30;35;42;4;6
2012-09-11;732012;6;15;22;37;44;2;4
2012-09-14;742012;3;10;23;27;44;7;9
2012-09-18;752012;6;7;38;39;44;7;9
2012-09-21;762012;4;19;34;41;43;7;11
2012-09-25;772012;7;25;27;48;49;1;4
2012-09-28;782012;20;23;26;30;33;6;9
2012-10-02;792012;4;16;21;36;42;7;8
2012-10-05;802012;9;16;18;19;21;2;3
2012-10-09;812012;2;8;10;23;25;8;9
2012-10-12;822012;6;7;17;35;43;2;8
2012-10-16;832012;10;32;40;41;49;2;8
2012-10-19;842012;16;29;37;40;44;8;10
2012-10-23;852012;1;28;35;38;50;2;10
2012-10-26;862012;5;6;9;27;38;5;11
2012-10-30;872012;23;24;25;31;44;2;3
2012-11-02;882012;3;6;10;11;44;3;4
2012-11-06;892012;7;20;25;35;41;1;9
2012-11-09;902012;14;21;22;28;47;4;5
2012-11-13;912012;11;16;21;24;29;2;6
2012-11-16;922012;10;15;19;23;41;2;9
2012-11-20;932012;28;30;42;45;49;5;10
2012-11-23;942012;1;9;11;20;40;1;5
2012-11-27;952012;6;10;23;44;49;1;7
2012-11-30;962012;10;18;23;24;40;3;4
2012-12-04;972012;5;10;28;29;44;2;4
2012-12-07;982012;10;16;18;31;42;2;5
2012-12-11;992012;1;4;9;43;50;6;8
2012-12-14;1002012;10;11;29;40;43;3;11
2012-12-18;1012012;14;18;20;35;44;2;5
2012-12-21;1022012;3;5;22;40;42;3;10
2012-12-25;1032012;14;18;20;23;32;3;10
2012-12-28;1042012;17;24;26;27;49;3;5
2013-01-01;12013;2;7;8;36;49;1;11
2013-01-04;22013;4;10;22;27;41;8;10
2013-01-08;32013;2;20;22;26;47;5;9
2013-01-11;42013;4;22;29;37;41;4;7
2013-01-15;52013;22;38;40;42;47;1;11
2013-01-18;62013;4;26;27;30;39;3;10
2013-01-22;72013;1;10;44;45;48;1;4
2013-01-25;82013;3;10;18;31;37;2;4
2013-01-29;92013;9;16;26;36;39;2;6
2013-02-01;102013;5;21;34;37;38;1;6
2013-02-05;112013;6;25;31;40;45;6;7
2013-02-08;122013;9;11;14;34;44;10;11
2013-02-12;132013;5;11;16;25;28;7;9
2013-02-15;142013;2;4;22;28;42;4;9
2013-02-19;152013;12;15;28;30;44;8;9
2013-02-22;162013;15;16;28;36;37;2;11
2013-02-26;172013;3;12;13;17;30;2;6
2013-03-01;182013;1;11;29;36;42;4;5
2013-03-05;192013;8;19;31;33;39;2;7
2013-03-08;202013;3;20;23;28;42;8;11
2013-03-12;212013;2;4;10;22;50;5;8
2013-03-15;222013;4;14;21;24;39;3;10
2013-03-19;232013;19;32;35;37;44;1;9
2013-03-22;242013;12;27;32;34;49;8;9
2013-03-26;252013;4;26;30;42;44;6;11
2013-03-29;262013;13;30;43;44;46;5;9
2013-04-02;272013;12;17;25;29;41;1;4
2013-04-05;282013;1;11;17;32;39;2;7
2013-04-09;292013;15;35;38;44;48;5;10
2013-04-12;302013;5;10;15;28;45;3;9
2013-04-16;312013;1;11;22;33;50;4;6
2013-04-19;322013;1;8;42;46;48;4;7
2013-04-23;332013;1;4;7;10;50;4;11
2013-04-26;342013;11;16;24;38;40;2;5
2013-04-30;352013;13;36;40;43;50;5;9
2013-05-03;362013;3;5;34;40;49;2;3
2013-05-07;372013;13;27;28;42;43;4;6
2013-05-10;382013;1;32;35;45;48;4;11
2013-05-14;392013;7;8;24;27;36;5;11
2013-05-17;402013;6;20;24;25;50;9;10
2013-05-21;412013;7;8;19;28;29;5;9
2013-05-24;422013;7;17;22;27;40;2;3
2013-05-28;432013;8;13;26;34;38;3;11
2013-05-31;442013;27;28;29;34;43;5;10
2013-06-04;452013;31;33;34;37;40;1;6
2013-06-07;462013;7;14;26;45;50;2;7
2013-06-11;472013;5;7;9;25;41;1;5
2013-06-14;482013;10;25;41;47;48;6;10
2013-06-18;492013;17;24;33;41;44;1;11
2013-06-21;502013;10;11;30;36;45;1;2
2013-06-25;512013;4;5;13;27;35;1;2
2013-06-28;522013;1;15;28;35;47;1;7
2013-07-02;532013;11;13;14;28;30;4;5
2013-07-05;542013;4;12;15;28;33;1;10
2013-07-09;552013;16;18;31;38;49;4;10
2013-07-12;562013;18;26;32;33;42;2;3
2013-07-16;572013;19;23;34;47;50;4;6
2013-07-19;582013;13;16;24;26;35;2;5
2013-07-23;592013;14;15;16;19;44;4;5
2013-07-26;602013;12;23;29;38;49;3;4
2013-07-30;612013;3;4;11;14;43;1;6
2013-08-02;622013;21;36;37;42;48;4;7
2013-08-06;632013;16;17;31;47;49;3;11
2013-08-09;642013;4;7;9;23;24;8;9
2013-08-13;652013;5;17;20;47;50;1;4
2013-08-16;662013;20;24;27;37;39;5;10
2013-08-20;672013;5;11;42;49;50;8;11
2013-08-23;682013;1;6;26;30;37;5;8
2013-08-27;692013;7;30;38;40;43;2;6
2013-08-30;702013;2;17;25;36;45;5;9
2013-09-03;712013;5;9;16;18;42;7;9
2013-09-06;722013;11;23;25;32;37;4;7
2013-09-10;732013;7;11;14;28;30;2;10
2013-09-13;742013;4;6;14;27;33;5;10
2013-09-17;752013;13;17;21;42;44;9;11
2013-09-20;762013;5;11;35;38;45;2;3
2013-09-24;772013;10;20;26;28;43;9;11
2013-09-27;782013;11;15;38;41;43;2;6
2013-10-01;792013;19;23;25;44;48;8;9
2013-10-04;802013;6;20;24;35;50;5;10
2013-10-08;812013;23;24;26;33;42;3;5
2013-10-11;822013;6;12;17;23;43;5;9
2013-10-15;832013;18;27;39;43;47;4;7
2013-10-18;842013;5;25;36;46;47;2;6
2013-10-22;852013;29;33;39;41;44;9;11
2013-10-25;862013;2;3;10;31;38;6;10
2013-10-29;872013;9;10;30;32;37;2;6
2013-11-01;882013;7;19;29;30;33;3;8
2013-11-05;892013;6;12;13;35;38;2;3
2013-11-08;902013;20;28;35;42;43;8;10
2013-11-12;912013;14;29;37;40;48;2;11
2013-11-15;922013;3;13;15;29;42;1;4
2013-11-19;932013;14;15;19;36;45;1;10
2013-11-22;942013;13;25;26;40;50;8;9
2013-11-26;952013;19;23;27;42;44;3;5
2013-11-29;962013;2;7;10;23;43;4;7
2013-12-03;972013;6;13;15;29;32;2;9
2013-12-06;982013;1;2;18;31;36;7;10
2013-12-10;992013;6;24;35;49;50;1;7
2013-12-13;1002013;1;22;23;24;31;6;11
2013-12-17;1012013;6;8;27;37;41;7;10
2013-12-20;1022013;12;13;17;22;43;3;10
2013-12-24;1032013;5;19;31;43;50;2;6
2013-12-27;1042013;1;6;13;22;28;5;10
2013-12-31;1052013;13;20;24;29;45;3;7
2014-01-03;12014;3;27;31;38;44;3;8
2014-01-07;22014;2;20;27;33;45;6;10
2014-01-10;32014;1;2;11;27;29;1;10
2014-01-14;42014;18;20;25;26;37;10;11
2014-01-17;52014;19;26;32;33;42;4;10
2014-01-21;62014;4;12;35;42;48;5;8
2014-01-24;72014;5;19;34;35;41;1;5
2014-01-28;82014;18;20;23;42;48;2;9
2014-01-31;92014;8;10;15;16;31;8;9
2014-02-04;102014;1;21;33;37;38;4;8
2014-02-07;112014;3;17;19;46;47;9;10
2014-02-11;122014;8;17;25;41;47;1;2
2014-02-14;132014;2;4;6;19;39;2;7
2014-02-18;142014;23;26;36;37;49;6;7
2014-02-21;152014;13;17;28;30;32;5;7
2014-02-25;162014;21;25;28;35;42;4;6
2014-02-28;172014;12;32;38;43;44;2;7
2014-03-04;182014;3;5;22;27;44;1;6
2014-03-07;192014;5;10;38;40;41;1;8
2014-03-11;202014;1;4;23;33;44;7;8
2014-03-14;212014;6;24;25;27;30;5;9
2014-03-18;222014;8;27;34;36;39;5;10
2014-03-21;232014;7;30;37;39;42;5;7
2014-03-25;242014;7;20;26;28;50;2;8
2014-03-28;252014;3;4;19;28;43;3;7
2014-04-01;262014;16;18;26;38;44;8;10
2014-04-04;272014;6;10;28;45;50;10;11
2014-04-08;282014;11;18;29;42;49;4;11
2014-04-11;292014;8;12;19;30;33;4;11
2014-04-15;302014;3;14;26;47;50;7;11
2014-04-18;312014;21;24;31;39;47;3;7
2014-04-22;322014;13;15;20;24;46;1;8
2014-04-25;332014;13;21;24;44;49;1;9
2014-04-29;342014;18;23;26;35;44;3;11
2014-05-02;352014;4;30;31;38;42;2;11
2014-05-06;362014;5;19;24;31;37;1;9
2014-05-09;372014;3;21;26;28;45;7;10
2014-05-13;382014;4;13;30;34;47;2;6
2014-05-16;392014;23;26;29;37;40;3;4
2014-05-20;402014;5;33;36;38;47;4;9
2014-05-23;412014;3;8;31;34;47;9;11
2014-05-27;422014;7;13;16;25;26;1;6
2014-05-30;432014;5;24;27;41;45;6;7
2014-06-03;442014;2;15;32;39;44;5;10
2014-06-06;452014;7;25;34;40;49;9;11
2014-06-10;462014;12;18;21;32;33;1;11
2014-06-13;472014;16;18;22;28;46;9;11
2014-06-17;482014;11;13;37;40;48;8;9
2014-06-20;492014;5;15;25;38;49;1;2
2014-06-24;502014;1;7;20;21;48;4;7
2014-06-27;512014;31;33;34;39;45;2;10
2014-07-01;522014;18;22;25;27;39;5;10
2014-07-04;532014;4;18;39;43;47;2;6
2014-07-08;542014;8;18;22;24;27;4;11
2014-07-11;552014;5;22;35;38;49;4;7
2014-07-15;562014;15;18;20;27;34;1;3
2014-07-18;572014;1;11;29;41;43;3;11
2014-07-22;582014;1;24;43;45;50;5;8
2014-07-25;592014;9;10;12;24;43;5;9
2014-07-29;602014;10;23;35;40;43;3;9
2014-08-01;612014;24;44;46;48;50;5;10
2014-08-05;622014;5;7;19;21;42;5;11
2014-08-08;632014;21;29;35;43;46;1;9
2014-08-12;642014;7;16;19;22;33;2;5
2014-08-15;652014;4;5;21;23;30;8;10
2014-08-19;662014;4;7;11;34;47;7;8
2014-08-22;672014;4;17;29;35;49;1;2
2014-08-26;682014;10;22;36;45;48;4;11
2014-08-29;692014;2;9;26;32;38;3;6
2014-09-02;702014;5;25;31;39;45;1;8
2014-09-05;712014;1;18;23;46;50;3;9
2014-09-09;722014;8;15;19;24;35;8;10
2014-09-12;732014;9;13;26;31;33;7;11
2014-09-16;742014;4;29;30;35;50;2;4
2014-09-19;752014;6;8;34;38;48;3;9
2014-09-23;762014;12;13;14;29;35;1;7
2014-09-26;772014;13;27;35;46;47;1;2
2014-09-30;782014;3;13;15;33;42;5;7
2014-10-03;792014;4;13;23;48;50;5;10
2014-10-07;802014;9;21;28;30;38;1;8
2014-10-10;812014;6;29;42;45;47;9;10
2014-10-14;822014;4;5;15;23;32;3;7
2014-10-17;832014;1;13;40;48;49;8;10
2014-10-21;842014;20;21;27;33;40;3;10
2014-10-24;852014;3;9;20;30;42;1;6
2014-10-28;862014;10;15;17;40;45;1;2
2014-10-31;872014;10;13;20;33;41;3;9
2014-11-04;882014;1;6;13;17;26;3;5
2014-11-07;892014;13;25;32;38;46;1;10
2014-11-11;902014;2;14;21;36;46;7;11
2014-11-14;912014;17;32;36;38;48;5;8
2014-11-18;922014;2;3;17;36;38;4;11
2014-11-21;932014;4;7;28;32;37;5;10
2014-11-25;942014;3;7;25;32;36;1;6
2014-11-28;952014;6;10;15;23;41;4;10
2014-12-02;962014;3;15;25;44;49;1;9
2014-12-05;972014;5;8;37;47;48;2;3
2014-12-09;982014;1;3;31;42;46;4;11
2014-12-12;992014;2;15;28;31;37;4;6
2014-12-16;1002014;3;7;12;13;25;5;8
2014-12-19;1012014;23;29;31;39;44;5;8
2014-12-23;1022014;8;9;19;25;49;2;10
2014-12-26;1032014;17;26;27;45;49;2;3
2014-12-30;1042014;6;18;39;44;50;8;11
2015-01-02;12015;22;24;25;28;49;3;6
2015-01-06;22015;14;20;30;38;49;3;4
2015-01-09;32015;6;21;24;32;45;1;11
2015-01-13;42015;8;17;21;31;34;9;10
2015-01-16;52015;29;30;32;34;46;3;6
2015-01-20;62015;15;33;41;44;47;8;10
2015-01-23;72015;6;29;30;38;45;1;8
2015-01-27;82015;5;10;31;33;40;8;10
2015-01-30;92015;9;13;15;19;24;3;8
2015-02-03;102015;17;31;33;44;50;7;11
2015-02-06;112015;10;26;30;39;50;7;8
2015-02-10;122015;13;17;20;30;45;9;10
2015-02-13;132015;12;24;39;42;44;3;11
2015-02-17;142015;2;5;18;30;43;1;10
2015-02-20;152015;4;10;14;37;46;4;7
2015-02-24;162015;3;25;28;34;50;1;11
2015-02-27;172015;5;14;17;25;47;9;10
2015-03-03;182015;6;8;11;13;21;7;8
2015-03-06;192015;23;30;47;49;50;2;7
2015-03-10;202015;2;6;23;30;31;2;10
2015-03-13;212015;4;5;18;22;23;1;3
2015-03-17;222015;11;23;26;38;44;1;8
2015-03-20;232015;3;14;37;42;48;1;10
2015-03-24;242015;10;24;26;39;40;3;10
2015-03-27;252015;2;30;32;39;44;6;10
2015-03-31;262015;8;20;24;28;49;8;9
2015-04-03;272015;27;29;37;39;49;2;4
2015-04-07;282015;18;25;39;44;50;5;8
2015-04-10;292015;22;23;25;30;43;5;9
2015-04-14;302015;24;32;34;35;49;1;2
2015-04-17;312015;2;24;30;34;39;8;11
2015-04-21;322015;6;14;17;42;45;1;8
2015-04-24;332015;5;19;29;31;40;3;10
2015-04-28;342015;24;26;28;36;45;7;10
2015-05-01;352015;3;19;20;25;26;6;10
2015-05-05;362015;1;10;17;20;42;8;9
2015-05-08;372015;7;14;19;47;49;3;10
2015-05-12;382015;14;29;30;40;46;3;6
2015-05-15;392015;5;35;42;44;47;8;9
2015-05-19;402015;26;30;31;35;37;8;11
2015-05-22;412015;18;24;35;44;45;5;11
2015-05-26;422015;5;6;7;21;24;5;6
2015-05-29;432015;3;4;20;45;48;6;8
2015-06-02;442015;7;23;29;37;41;1;8
2015-06-05;452015;2;7;8;45;48;1;9
2015-06-09;462015;5;9;17;32;34;6;8
2015-06-12;472015;5;8;10;11;37;7;9
2015-06-16;482015;10;15;16;36;37;3;9
2015-06-19;492015;7;14;20;31;42;3;9
2015-06-23;502015;4;16;22;38;49;6;9
2015-06-26;512015;3;6;10;19;24;5;7
2015-06-30;522015;11;15;28;34;37;1;8
2015-07-03;532015;11;12;15;18;44;3;9
2015-07-07;542015;6;7;18;33;41;3;10
2015-07-10;552015;5;8;15;35;41;4;5
2015-07-14;562015;6;18;19;34;36;1;8
2015-07-17;572015;1;21;22;43;48;7;9
2015-07-21;582015;14;20;27;29;44;7;10
2015-07-24;592015;2;9;21;35;46;2;11
2015-07-28;602015;23;32;36;43;49;7;8
2015-07-31;612015;16;21;34;40;50;6;9
2015-08-04;622015;10;15;39;45;50;9;10
2015-08-07;632015;1;5;21;39;44;4;11
2015-08-11;642015;2;3;8;15;16;4;11
2015-08-14;652015;4;7;39;44;45;3;5
2015-08-18;662015;7;10;11;12;19;2;9
2015-08-21;672015;4;16;18;43;47;6;10
2015-08-25;682015;27;31;33;42;50;2;5
2015-08-28;692015;11;29;30;31;34;4;7
2015-09-01;702015;6;19;21;27;45;1;8
2015-09-04;712015;8;9;27;45;50;8;10
2015-09-08;722015;14;16;39;40;42;1;4
2015-09-11;732015;10;18;19;29;50;1;9
2015-09-15;742015;8;15;17;44;49;5;8
2015-09-18;752015;7;29;33;34;39;7;8
2015-09-22;762015;14;23;26;27;29;7;10
2015-09-25;772015;13;14;23;30;37;2;8
2015-09-29;782015;11;14;26;29;49;3;9
2015-10-02;792015;7;18;21;32;35;2;11
2015-10-06;802015;11;20;22;29;32;1;8
2015-10-09;812015;1;40;42;43;47;9;11
2015-10-13;822015;12;15;26;29;47;3;11
2015-10-16;832015;7;28;29;43;48;3;10
2015-10-20;842015;17;19;21;30;45;8;10
2015-10-23;852015;7;25;30;32;39;2;8
2015-10-27;862015;11;12;20;25;36;6;9
2015-10-30;872015;8;13;17;21;34;6;7
2015-11-03;882015;8;27;39;46;49;2;6
2015-11-06;892015;3;17;26;38;40;4;10
2015-11-10;902015;6;13;18;39;43;2;8
2015-11-13;912015;10;17;18;33;40;2;8
2015-11-17;922015;6;7;23;37;38;10;11
2015-11-20;932015;4;30;34;46;49;7;8
2015-11-24;942015;9;14;16;17;26;10;11
2015-11-27;952015;16;29;30;37;50;6;8
2015-12-01;962015;2;15;25;35;45;8;10
2015-12-04;972015;8;17;18;27;39;1;7
2015-12-08;982015;12;17;29;38;48;9;11
2015-12-11;992015;3;5;21;40;43;6;11
2015-12-15;1002015;8;11;23;27;35;4;11
2015-12-18;1012015;6;22;26;29;48;5;6
2015-12-22;1022015;18;19;20;40;41;7;10
2015-12-25;1032015;3;10;25;27;40;3;9
2015-12-29;1042015;5;20;31;32;36;6;7
2016-01-01;12016;4;37;38;39;44;4;7
2016-01-05;22016;6;10;31;36;39;6;10
2016-01-08;32016;5;26;33;35;40;3;8
2016-01-12;42016;1;2;10;30;44;1;8
2016-01-15;52016;10;19;38;43;46;1;11
2016-01-19;62016;2;30;38;43;46;2;7
2016-01-22;72016;10;12;27;30;47;8;9
2016-01-26;82016;15;24;38;40;48;2;9
2016-01-29;92016;1;5;23;29;32;1;7
2016-02-02;102016;6;9;10;21;36;2;6
2016-02-05;112016;3;27;32;41;46;4;8
2016-02-09;122016;6;9;13;28;37;4;5
2016-02-12;132016;3;20;28;31;49;2;5
2016-02-16;142016;3;10;22;37;50;6;10
2016-02-19;152016;13;14;30;32;39;3;9
2016-02-23;162016;23;25;32;37;42;1;11
2016-02-26;172016;5;13;15;33;50;9;11
2016-03-01;182016;4;7;13;28;37;10;11
2016-03-04;192016;9;14;16;23;40;1;5
2016-03-08;202016;1;8;9;14;23;1;7
2016-03-11;212016;1;21;26;40;43;6;9
2016-03-15;222016;5;7;10;34;44;2;10
2016-03-18;232016;14;19;21;24;49;5;11
2016-03-22;242016;12;15;26;42;49;5;8
2016-03-25;252016;12;19;36;42;43;5;8
2016-03-29;262016;1;4;19;25;36;3;11
2016-04-01;272016;2;16;23;25;49;6;9
2016-04-05;282016;3;5;9;19;40;2;5
2016-04-08;292016;6;8;26;43;49;6;10
2016-04-12;302016;1;5;9;22;38;2;10
2016-04-15;312016;13;14;32;37;48;1;7
2016-04-19;322016;11;14;15;27;44;2;7
2016-04-22;332016;17;26;32;34;43;2;10
2016-04-26;342016;10;17;31;32;42;2;5
2016-04-29;352016;4;5;25;28;43;6;11
2016-05-03;362016;8;23;24;34;38;3;7
2016-05-06;372016;32;34;40;45;48;1;10
2016-05-10;382016;2;26;27;40;49;5;10
2016-05-13;392016;7;15;28;31;42;10;11
2016-05-17;402016;15;27;32;36;39;3;10
2016-05-20;412016;9;14;30;41;45;4;9
2016-05-24;422016;16;17;23;34;37;6;9
2016-05-27;432016;13;25;27;43;46;4;8
2016-05-31;442016;6;12;26;30;48;6;7
2016-06-03;452016;7;23;31;33;39;6;10
2016-06-07;462016;19;26;35;45;49;2;5
2016-06-10;472016;14;21;35;42;43;7;9
2016-06-14;482016;13;34;39;42;50;9;11
2016-06-17;492016;1;7;18;27;43;4;8
2016-06-21;502016;5;17;32;35;49;1;5
2016-06-24;512016;11;19;27;28;39;3;10
2016-06-28;522016;26;32;37;43;49;4;5
2016-07-01;532016;2;11;13;40;50;1;10
2016-07-05;542016;1;10;29;38;48;3;4
2016-07-08;552016;8;12;18;33;44;4;8
2016-07-12;562016;3;7;26;33;41;2;10
2016-07-15;572016;2;11;13;14;21;1;8
2016-07-19;582016;19;24;28;36;37;3;6
2016-07-22;592016;7;24;26;37;45;5;9
2016-07-26;602016;3;10;13;45;49;2;11
2016-07-29;612016;1;21;26;40;50;2;4
2016-08-02;622016;2;8;27;38;46;2;6
2016-08-05;632016;16;19;24;35;37;2;7
2016-08-09;642016;12;19;43;44;45;5;10
2016-08-12;652016;2;15;28;36;50;2;11
2016-08-16;662016;2;26;34;37;46;4;8
2016-08-19;672016;5;6;22;25;34;5;7
2016-08-23;682016;2;23;31;37;45;4;8
2016-08-26;692016;1;9;28;30;48;7;8
2016-08-30;702016;13;16;29;35;42;6;8
2016-09-02;712016;8;16;32;40;50;2;11
2016-09-06;722016;12;24;30;34;45;7;10
2016-09-09;732016;4;11;15;17;28;1;3
2016-09-13;742016;4;7;16;35;44;1;3
2016-09-16;752016;5;8;14;22;32;2;11
2016-09-20;762016;1;4;10;41;45;6;9
2016-09-23;772016;14;16;39;42;49;3;9
2016-09-27;782016;6;9;13;39;41;2;12
2016-09-30;792016;17;35;37;43;44;2;10
2016-10-04;802016;4;7;14;34;38;4;11
2016-10-07;812016;2;12;20;27;30;9;11
2016-10-11;822016;5;12;20;24;37;4;11
2016-10-14;832016;7;13;19;31;34;1;11
2016-10-18;842016;2;17;21;25;27;6;9
2016-10-21;852016;9;20;23;44;48;8;10
2016-10-25;862016;3;15;20;21;28;1;5
2016-10-28;872016;10;16;19;23;43;2;8
2016-11-01;882016;6;10;20;29;37;1;9
2016-11-04;892016;7;11;12;44;48;3;7
2016-11-08;902016;5;9;47;49;50;8;9
2016-11-11;912016;3;22;23;38;49;2;9
2016-11-15;922016;7;15;36;42;48;3;7
2016-11-18;932016;3;12;27;32;47;6;8
2016-11-22;942016;5;10;33;34;47;2;10
2016-11-25;952016;5;11;17;23;28;10;11
2016-11-29;962016;21;26;27;28;38;9;11
2016-12-02;972016;6;11;23;31;32;2;12
2016-12-06;982016;1;7;11;27;45;4;9
2016-12-09;992016;6;12;28;37;40;1;5
2016-12-13;1002016;14;28;29;48;50;2;8
2016-12-16;1012016;6;10;30;41;45;4;11
2016-12-20;1022016;13;15;17;21;27;2;3
2016-12-23;1032016;4;16;20;39;46;2;5
2016-12-27;1042016;3;22;25;32;39;7;12
2016-12-30;1052016;8;10;22;29;47;1;3
2017-01-03;12017;19;23;27;34;49;1;11
2017-01-06;22017;10;14;18;21;49;9;11
2017-01-10;32017;2;11;29;35;44;4;9
2017-01-13;42017;3;7;16;26;50;4;7
2017-01-17;52017;4;16;25;43;47;2;10
2017-01-20;62017;10;17;27;31;49;3;5
2017-01-24;72017;1;5;7;17;23;3;8
2017-01-27;82017;17;20;28;45;48;5;9
2017-01-31;92017;3;4;17;23;44;6;9
2017-02-03;102017;3;4;15;46;50;5;9
2017-02-07;112017;4;10;31;38;44;8;10
2017-02-10;122017;7;21;26;35;43;2;9
2017-02-14;132017;2;10;24;40;44;3;10
2017-02-17;142017;19;25;33;36;48;2;9
2017-02-21;152017;13;19;41;45;49;3;4
2017-02-24;162017;2;4;13;22;43;8;9
2017-02-28;172017;10;20;31;35;42;2;12
2017-03-03;182017;2;11;29;30;47;1;12
2017-03-07;192017;6;37;41;48;50;4;5
2017-03-10;202017;31;36;38;47;49;8;11
2017-03-14;212017;3;5;21;36;44;3;6
2017-03-17;222017;6;10;19;29;36;3;9
2017-03-21;232017;1;20;23;44;47;4;11
2017-03-24;242017;2;17;21;27;34;5;9
2017-03-28;252017;9;13;31;33;46;6;10
2017-03-31;262017;17;24;26;28;45;4;12
2017-04-04;272017;1;9;24;33;34;2;6
2017-04-07;282017;2;10;19;35;50;6;7
2017-04-11;292017;5;21;22;31;49;2;8
2017-04-14;302017;4;14;20;23;33;6;10
2017-04-18;312017;17;22;31;38;45;5;12
2017-04-21;322017;2;13;16;22;49;4;5
2017-04-25;332017;9;11;19;32;43;3;9
2017-04-28;342017;14;20;25;30;39;2;8
2017-05-02;352017;6;19;23;25;27;11;12
2017-05-05;362017;3;7;30;35;43;1;3
2017-05-09;372017;8;12;16;22;26;6;7
2017-05-12;382017;2;20;28;29;44;3;9
2017-05-16;392017;8;11;15;20;30;3;8
2017-05-19;402017;9;11;12;19;30;4;9
2017-05-23;412017;8;15;25;27;42;1;4
2017-05-26;422017;5;7;26;36;39;2;10
2017-05-30;432017;7;12;27;38;48;6;9
2017-06-02;442017;8;10;24;33;42;3;9
2017-06-06;452017;20;22;25;37;40;3;7
2017-06-09;462017;9;20;27;39;43;10;11
2017-06-13;472017;3;12;22;27;49;4;11
2017-06-16;482017;15;17;38;41;42;9;12
2017-06-20;492017;11;18;26;43;44;8;10
2017-06-23;502017;3;4;21;31;38;3;7
2017-06-27;512017;9;17;21;28;45;1;3
2017-06-30;522017;17;35;39;47;50;6;8
2017-07-04;532017;10;22;25;37;49;5;8
2017-07-07;542017;11;20;35;37;45;3;6
2017-07-11;552017;14;22;26;42;50;8;10
2017-07-14;562017;11;14;20;21;47;7;10
2017-07-18;572017;1;25;27;41;45;5;7
2017-07-21;582017;1;8;9;26;49;5;9
2017-07-25;592017;12;14;43;44;48;2;11
2017-07-28;602017;5;9;29;31;41;2;4
2017-08-01;612017;14;21;24;29;30;8;10
2017-08-04;622017;29;30;36;40;41;2;9
2017-08-08;632017;15;25;26;40;41;4;5
2017-08-11;642017;18;28;39;46;48;5;12
2017-08-15;652017;10;14;30;35;46;4;10
2017-08-18;662017;2;24;39;42;45;2;8
2017-08-22;672017;3;10;12;17;27;3;5
2017-08-25;682017;1;5;7;15;47;9;12
2017-08-29;692017;4;12;15;32;38;1;5
2017-09-01;702017;3;7;8;14;49;5;8
2017-09-05;712017;6;9;18;28;29;1;9
2017-09-08;722017;9;24;42;47;49;1;5
2017-09-12;732017;10;17;27;29;35;4;11
2017-09-15;742017;13;18;37;44;49;9;12
2017-09-19;752017;1;8;21;30;45;2;3
2017-09-22;762017;6;11;31;39;42;1;3
2017-09-26;772017;1;29;40;41;48;6;12
2017-09-29;782017;7;18;19;32;48;3;7
2017-10-03;792017;6;24;32;48;50;1;5
2017-10-06;802017;1;9;15;19;25;1;7
2017-10-10;812017;4;21;34;36;37;3;6
2017-10-13;822017;23;29;37;45;50;5;11
2017-10-17;832017;13;17;19;26;36;2;3
2017-10-20;842017;4;17;23;27;30;3;8
2017-10-24;852017;9;11;13;27;33;7;10
2017-10-27;862017;3;16;23;32;39;1;4
2017-10-31;872017;1;12;36;43;46;3;5
2017-11-03;882017;5;12;17;33;41;4;9
2017-11-07;892017;7;19;20;37;41;2;12
2017-11-10;902017;13;22;29;36;37;1;9
2017-11-14;912017;14;16;39;40;41;8;10
2017-11-17;922017;20;26;35;36;42;5;12
2017-11-21;932017;2;10;14;28;31;5;7
2017-11-24;942017;19;24;28;30;50;3;10
2017-11-28;952017;1;6;12;18;42;2;7
2017-12-01;962017;5;24;29;35;46;11;12
2017-12-05;972017;11;36;43;44;48;2;7
2017-12-08;982017;4;22;30;32;34;3;4
2017-12-12;992017;20;37;39;44;50;4;8
2017-12-15;1002017;25;30;31;42;50;2;11
2017-12-19;1012017;8;15;30;38;46;4;7
2017-12-22;1022017;5;24;30;31;43;3;6
2017-12-26;1032017;4;17;30;43;44;2;10
2017-12-29;1042017;4;8;22;23;48;1;12
2018-01-02;12018;10;20;21;28;48;1;8
2018-01-05;22018;2;5;20;38;41;4;8
2018-01-09;32018;6;12;15;38;49;2;9
2018-01-12;42018;13;21;23;30;45;4;6
2018-01-16;52018;20;23;31;34;46;3;12
2018-01-19;62018;3;8;17;44;50;2;7
2018-01-23;72018;5;8;9;23;24;7;8
2018-01-26;82018;6;15;24;28;48;4;9
2018-01-30;92018;11;15;21;27;35;4;5
2018-02-02;102018;14;34;36;39;48;2;3
2018-02-06;112018;8;17;28;34;38;6;12
2018-02-09;122018;22;31;36;38;44;1;11
2018-02-13;132018;10;13;17;21;44;1;10
2018-02-16;142018;10;12;23;32;50;4;10
2018-02-20;152018;6;14;19;25;29;5;11
2018-02-23;162018;10;17;18;28;47;3;7
2018-02-27;172018;3;31;41;48;50;8;11
2018-03-02;182018;2;7;34;45;48;1;12
2018-03-06;192018;15;20;26;31;44;2;9
2018-03-09;202018;9;14;21;32;44;1;12
2018-03-13;212018;9;11;13;33;49;6;12
2018-03-16;222018;4;17;24;27;31;10;11
2018-03-20;232018;26;29;37;39;44;9;11
2018-03-23;242018;5;7;11;46;50;8;11
2018-03-27;252018;17;20;23;40;46;9;10
2018-03-30;262018;12;17;28;35;47;7;11
2018-04-03;272018;3;8;16;40;43;5;8
2018-04-06;282018;1;29;33;45;47;4;8
2018-04-10;292018;14;27;39;46;48;11;12
2018-04-13;302018;5;25;34;48;50;6;7
2018-04-17;312018;15;27;33;39;50;4;6
2018-04-20;322018;3;16;25;39;44;7;11
2018-04-24;332018;20;23;28;30;44;3;7
2018-04-27;342018;12;24;40;41;46;5;12
2018-05-01;352018;6;15;17;42;48;4;6
2018-05-04;362018;6;12;23;39;45;9;12
2018-05-08;372018;17;25;35;39;44;2;5
2018-05-11;382018;3;22;34;49;50;8;11
2018-05-15;392018;4;16;20;31;39;2;12
2018-05-18;402018;5;8;10;13;31;3;6
2018-05-22;412018;1;11;37;41;48;8;12
2018-05-25;422018;13;15;16;28;41;4;5
2018-05-29;432018;6;11;20;38;43;2;4
2018-06-01;442018;17;18;24;29;40;4;5
2018-06-05;452018;9;15;22;39;46;4;5
2018-06-08;462018;8;19;32;43;46;2;8
2018-06-12;472018;7;21;23;36;38;6;8
2018-06-15;482018;23;26;33;38;49;1;12
2018-06-19;492018;7;19;26;42;50;4;9
2018-06-22;502018;14;25;39;41;44;2;8
2018-06-26;512018;15;16;20;34;50;4;7
2018-06-29;522018;15;21;23;40;48;3;12
2018-07-03;532018;1;12;15;29;48;3;5
2018-07-06;542018;8;30;33;38;48;2;10
2018-07-10;552018;3;8;26;33;45;7;10
2018-07-13;562018;1;4;14;21;49;2;12
2018-07-17;572018;4;6;27;48;50;1;11
2018-07-20;582018;2;15;40;43;46;3;6
2018-07-24;592018;2;4;23;39;40;3;9
2018-07-27;602018;11;17;22;23;41;6;11
2018-07-31;612018;20;25;34;42;45;6;11
2018-08-03;622018;7;26;36;38;43;6;12
2018-08-07;632018;16;28;29;30;36;8;10
2018-08-10;642018;18;20;36;43;44;3;9
2018-08-14;652018;1;15;18;25;31;9;11
2018-08-17;662018;2;15;18;24;43;8;12
2018-08-21;672018;16;23;42;43;49;10;12
2018-08-24;682018;3;14;31;36;50;1;12
2018-08-28;692018;4;16;32;42;46;8;12
2018-08-31;702018;4;30;31;38;42;4;6
2018-09-04;712018;5;14;28;30;47;4;11
2018-09-07;722018;4;23;27;31;50;1;8
2018-09-11;732018;9;18;32;38;46;2;3
2018-09-14;742018;1;3;33;40;45;3;4
2018-09-18;752018;3;8;10;32;45;4;12
2018-09-21;762018;5;7;21;25;37;3;4
2018-09-25;772018;6;15;20;30;38;4;7
2018-09-28;782018;2;4;8;27;50;2;9
2018-10-02;792018;7;17;29;37;45;3;11
2018-10-05;802018;8;16;24;26;35;3;11
2018-10-09;812018;3;12;36;44;45;8;11
2018-10-12;822018;4;9;12;31;43;5;8
2018-10-16;832018;15;28;37;40;42;1;6
2018-10-19;842018;1;3;29;47;48;3;12
2018-10-23;852018;1;2;5;21;32;2;12
2018-10-26;862018;5;18;21;31;35;6;9
2018-10-30;872018;17;23;27;43;44;1;12
2018-11-02;882018;5;15;17;37;44;7;11
2018-11-06;892018;14;24;36;40;43;2;9
2018-11-09;902018;14;17;32;37;49;11;12
2018-11-13;912018;2;7;10;13;42;3;6
2018-11-16;922018;9;10;13;28;41;1;12
2018-11-20;932018;6;19;39;45;48;7;12
2018-11-23;942018;5;8;25;26;30;3;10
2018-11-27;952018;4;16;17;18;32;2;11
2018-11-30;962018;3;10;12;23;26;1;12
2018-12-04;972018;19;20;21;42;45;8;9
2018-12-07;982018;11;17;26;37;48;1;10
2018-12-11;992018;4;7;13;23;42;1;3
2018-12-14;1002018;12;29;38;42;44;2;12
2018-12-18;1012018;1;9;18;39;48;5;7
2018-12-21;1022018;2;12;15;34;50;3;4
2018-12-25;1032018;4;5;8;31;43;2;9
2018-12-28;1042018;13;16;34;35;45;10;12
2019-01-01;12019;1;8;11;25;28;4;6
2019-01-04;22019;7;11;19;27;37;6;10
2019-01-08;32019;3;19;22;31;32;2;11
2019-01-11;42019;1;19;31;39;48;1;6
2019-01-15;52019;22;25;29;33;35;3;6
2019-01-18;62019;5;6;16;30;46;5;10
2019-01-22;72019;9;23;29;41;49;8;10
2019-01-25;82019;1;6;13;15;16;6;10
2019-01-29;92019;14;24;26;32;39;3;8
2019-02-01;102019;3;21;26;41;46;1;6
2019-02-05;112019;14;25;31;37;43;2;3
2019-02-08;122019;11;12;13;39;46;7;10
2019-02-12;132019;6;34;36;41;50;1;5
2019-02-15;142019;15;27;34;38;49;2;10
2019-02-19;152019;1;8;18;19;39;7;9
2019-02-22;162019;3;27;29;33;50;3;7
2019-02-26;172019;3;15;29;35;47;3;4
2019-03-01;182019;6;9;19;26;31;11;12
2019-03-05;192019;6;10;16;39;46;8;11
2019-03-08;202019;17;18;19;24;40;4;8
2019-03-12;212019;5;7;13;19;31;2;9
2019-03-15;222019;3;15;24;42;46;9;12
2019-03-19;232019;1;6;9;34;47;7;12
2019-03-22;242019;4;17;26;30;43;6;11
2019-03-26;252019;12;19;23;43;47;2;6
2019-03-29;262019;13;23;26;32;47;6;10
2019-04-02;272019;2;9;16;26;36;6;7
2019-04-05;282019;1;7;10;29;45;3;5
2019-04-09;292019;18;21;29;38;41;1;11
2019-04-12;302019;1;28;35;36;46;6;9
2019-04-16;312019;1;8;15;44;49;2;11
2019-04-19;322019;7;8;32;41;49;5;11
2019-04-23;332019;18;23;27;42;44;2;7
2019-04-26;342019;14;33;35;47;50;9;11
2019-04-30;352019;5;12;20;26;48;2;11
2019-05-03;362019;2;9;20;27;43;5;6
2019-05-07;372019;7;20;26;32;47;2;11
2019-05-10;382019;1;4;27;45;48;1;7
2019-05-14;392019;10;14;17;25;50;2;10
2019-05-17;402019;16;28;42;43;45;6;7
2019-05-21;412019;32;33;34;39;47;8;12
2019-05-24;422019;5;16;23;30;49;6;7
2019-05-28;432019;7;19;20;28;29;1;5
2019-05-31;442019;1;23;24;26;35;1;11
2019-06-04;452019;9;31;32;39;41;2;8
2019-06-07;462019;1;4;16;20;34;2;5
2019-06-11;472019;25;27;39;42;46;11;12
2019-06-14;482019;1;13;30;31;39;2;7
2019-06-18;492019;12;24;37;40;44;3;7
2019-06-21;502019;5;8;9;25;39;3;7
2019-06-25;512019;6;26;27;34;46;1;9
2019-06-28;522019;1;3;16;33;49;2;11
2019-07-02;532019;11;19;29;44;45;8;12
2019-07-05;542019;2;9;20;34;42;6;9
2019-07-09;552019;7;29;32;36;41;6;7
2019-07-12;562019;2;31;39;45;47;4;8
2019-07-16;572019;3;5;13;18;39;7;8
2019-07-19;582019;13;14;17;26;28;2;7
2019-07-23;592019;1;14;19;23;38;3;7
2019-07-26;602019;2;5;27;37;42;3;10
2019-07-30;612019;15;20;23;27;40;3;6
2019-08-02;622019;13;22;33;44;50;2;5
2019-08-06;632019;12;13;29;36;38;4;12
2019-08-09;642019;2;14;35;41;42;10;11
2019-08-13;652019;13;29;31;33;40;2;3
2019-08-16;662019;9;10;27;37;42;1;5
2019-08-20;672019;20;22;23;24;37;1;4
2019-08-23;682019;4;17;35;42;45;2;8
2019-08-27;692019;8;26;35;43;47;1;9
2019-08-30;702019;25;27;45;46;49;4;6
2019-09-03;712019;7;11;38;39;44;7;10
2019-09-06;722019;10;13;22;40;48;2;5
2019-09-10;732019;3;22;25;30;49;3;6
2019-09-13;742019;1;12;27;42;47;6;7
2019-09-17;752019;22;37;43;44;45;1;12
2019-09-20;762019;8;21;25;38;50;4;8
2019-09-24;772019;2;33;42;47;48;1;2
2019-09-27;782019;24;37;41;43;46;2;8
2019-10-01;792019;2;11;18;40;46;1;4
2019-10-04;802019;6;9;35;41;44;6;9
2019-10-08;812019;7;10;15;44;49;3;12
2019-10-11;822019;2;14;19;42;45;5;6
2019-10-15;832019;3;28;31;32;34;4;5
2019-10-18;842019;8;18;22;41;42;11;12
2019-10-22;852019;2;5;32;33;47;7;8
2019-10-25;862019;34;37;39;40;50;4;10
2019-10-29;872019;16;18;28;42;49;5;10
2019-11-01;882019;2;20;39;44;48;5;7
2019-11-05;892019;9;14;25;33;48;2;12
2019-11-08;902019;8;17;20;23;45;2;8
2019-11-12;912019;1;21;23;25;39;2;4
2019-11-15;922019;3;13;20;32;34;4;11
2019-11-19;932019;8;10;15;30;42;4;6
2019-11-22;942019;3;21;32;34;48;3;11
2019-11-26;952019;2;3;15;19;34;5;8
2019-11-29;962019;3;7;12;42;50;6;8
2019-12-03;972019;18;31;32;38;48;4;12
2019-12-06;982019;1;3;27;39;46;1;10
2019-12-10;992019;2;10;19;21;47;2;8
2019-12-13;1002019;9;16;18;23;32;2;10
2019-12-17;1012019;1;7;12;25;49;6;9
2019-12-20;1022019;8;24;30;32;34;3;4
2019-12-24;1032019;3;11;13;14;47;3;6
2019-12-27;1042019;1;7;22;26;35;5;10
2019-12-31;1052019;26;31;33;41;48;2;4
2020-01-03;12020;5;15;20;36;47;8;12
2020-01-07;22020;5;8;12;37;43;6;11
2020-01-10;32020;6;17;32;44;46;2;6
2020-01-14;42020;21;25;29;39;44;8;9
2020-01-17;52020;8;19;20;29;44;3;8
2020-01-21;62020;10;11;24;36;46;3;5
2020-01-24;72020;3;4;6;9;24;5;8
2020-01-28;82020;1;19;27;31;38;4;5
2020-01-31;92020;13;18;20;23;30;2;4
2020-02-04;102020;21;23;33;35;47;6;7
2020-02-07;112020;9;15;17;25;40;3;9
2020-02-11;122020;24;26;32;43;46;6;10
2020-02-14;132020;5;20;35;41;49;6;10
2020-02-18;142020;11;32;34;38;47;2;10
2020-02-21;152020;7;23;30;32;45;5;9
2020-02-25;162020;1;4;18;27;42;4;6
2020-02-28;172020;8;11;20;22;23;3;4
2020-03-03;182020;4;14;27;44;45;1;10
2020-03-06;192020;15;38;43;45;46;1;11
2020-03-10;202020;11;23;30;37;43;5;12
2020-03-13;212020;3;11;21;27;36;9;10
2020-03-17;222020;5;7;8;16;20;2;12
2020-03-20;232020;3;9;20;34;40;6;12
2020-03-24;242020;7;12;26;30;33;10;11
2020-03-27;252020;11;14;27;41;46;2;3
2020-03-31;262020;12;17;24;30;36;1;9
2020-04-03;272020;16;19;34;46;50;2;6
2020-04-07;282020;4;5;14;33;48;7;12
2020-04-10;292020;3;10;17;33;39;1;4
2020-04-14;302020;6;29;34;35;40;4;11
2020-04-17;312020;16;28;32;37;45;1;11
2020-04-21;322020;10;11;14;23;28;6;8
2020-04-24;332020;1;5;19;21;28;4;7
2020-04-28;342020;15;23;26;28;32;1;5
2020-05-01;352020;19;20;38;45;47;2;6
2020-05-05;362020;2;10;22;27;41;2;3
2020-05-08;372020;8;25;32;33;38;7;9
2020-05-12;382020;9;16;29;37;39;4;11
2020-05-15;392020;11;23;32;34;39;1;6
2020-05-19;402020;5;25;32;37;43;6;7
2020-05-22;412020;3;18;22;27;32;2;7
2020-05-26;422020;4;9;14;21;27;4;6
2020-05-29;432020;4;8;11;19;46;4;8
2020-06-02;442020;10;12;22;26;49;7;11
2020-06-05;452020;5;11;17;24;37;3;6
2020-06-09;462020;5;15;27;36;46;2;8
2020-06-12;472020;2;24;39;45;46;4;8
2020-06-16;482020;4;9;11;17;39;2;10
2020-06-19;492020;5;14;19;24;43;3;11
2020-06-23;502020;2;12;19;46;49;1;8
2020-06-26;512020;1;10;12;21;26;5;11
2020-06-30;522020;1;6;11;28;42;2;10
2020-07-03;532020;4;16;27;37;39;3;6
2020-07-07;542020;12;16;23;33;41;8;10
2020-07-10;552020;15;17;23;30;38;2;7
2020-07-14;562020;11;22;30;37;47;9;10
2020-07-17;572020;7;15;27;41;43;7;9
2020-07-21;582020;14;15;24;29;42;2;4
2020-07-24;592020;8;9;27;28;50;4;12
2020-07-28;602020;9;13;15;17;34;2;7
2020-07-31;612020;21;24;30;46;49;2;5
2020-08-04;622020;1;2;5;15;42;5;8
2020-08-07;632020;5;20;21;36;41;6;11
2020-08-11;642020;8;13;14;42;50;3;9
2020-08-14;652020;9;10;19;42;49;4;12
2020-08-18;662020;6;12;17;34;42;5;12
2020-08-21;672020;10;15;35;44;50;3;5
2020-08-25;682020;7;18;30;37;39;8;10
2020-08-28;692020;7;12;16;17;31;7;9
2020-09-01;702020;4;8;10;33;46;8;11
2020-09-04;712020;6;22;29;40;43;4;7
2020-09-08;722020;2;9;31;35;41;9;12
2020-09-11;732020;34;38;42;43;45;9;12
2020-09-15;742020;16;20;25;30;38;6;8
2020-09-18;752020;2;10;19;25;45;1;7
2020-09-22;762020;16;25;28;39;40;1;6
2020-09-25;772020;19;23;34;37;45;1;7
2020-09-29;782020;4;14;16;41;44;11;12
2020-10-02;792020;6;12;15;40;45;3;9
2020-10-06;802020;4;21;36;41;47;9;11
2020-10-09;812020;11;15;35;41;50;5;8
2020-10-13;822020;5;14;38;41;46;1;10
2020-10-16;832020;15;33;38;40;50;3;6
2020-10-20;842020;5;6;15;37;42;3;4
2020-10-23;852020;10;15;19;21;23;3;12
2020-10-27;862020;13;15;28;32;44;3;12
2020-10-30;872020;12;16;20;21;28;3;9
2020-11-03;882020;5;7;18;20;30;6;7
2020-11-06;892020;7;12;37;40;50;1;2
2020-11-10;902020;3;19;29;32;38;5;12
2020-11-13;912020;1;5;17;28;31;1;10
2020-11-17;922020;16;19;25;30;44;2;6
2020-11-20;932020;28;29;39;48;50;5;7
2020-11-24;942020;25;33;38;42;50;8;12
2020-11-27;952020;2;5;8;14;16;8;9
2020-12-01;962020;14;20;29;47;49;4;12
2020-12-04;972020;14;20;27;34;38;1;11
2020-12-08;982020;1;4;21;24;46;2;12
2020-12-11;992020;6;9;13;24;41;3;12
2020-12-15;1002020;9;13;21;29;35;1;2
2020-12-18;1012020;2;3;13;17;21;7;8
2020-12-22;1022020;2;10;16;42;50;4;11
2020-12-25;1032020;16;21;27;30;32;3;5
2020-12-29;1042020;7;32;39;40;45;3;8
2021-01-01;12021;16;28;32;44;48;1;9
2021-01-05;22021;12;34;37;38;42;1;3
2021-01-08;32021;18;23;37;41;42;4;6
2021-01-12;42021;2;10;18;34;35;6;9
2021-01-15;52021;4;10;27;38;40;3;11
2021-01-19;62021;25;27;31;35;43;5;6
2021-01-22;72021;8;16;42;44;47;6;7
2021-01-26;82021;5;7;25;37;40;2;8
2021-01-29;92021;1;5;27;36;42;1;6
2021-02-02;102021;18;20;35;38;48;9;12
2021-02-05;112021;12;19;37;44;45;2;6
2021-02-09;122021;5;10;24;31;37;9;10
2021-02-12;132021;7;23;30;32;36;8;12
2021-02-16;142021;5;9;25;29;30;6;7
2021-02-19;152021;4;12;25;46;48;7;12
2021-02-23;162021;9;18;30;39;45;1;3
2021-02-26;172021;6;12;22;29;33;6;11
2021-03-02;182021;2;19;24;26;49;6;7
2021-03-05;192021;4;5;39;46;48;7;10
2021-03-09;202021;1;16;21;32;33;11;12
2021-03-12;212021;4;6;9;11;44;10;11
2021-03-16;222021;23;25;32;35;47;2;6
2021-03-19;232021;3;9;35;43;44;1;10
2021-03-23;242021;2;26;29;36;49;3;9
2021-03-26;252021;10;12;37;49;50;3;8
2021-03-30;262021;24;27;28;29;42;4;8
2021-04-02;272021;4;21;34;40;47;2;5
2021-04-06;282021;2;21;37;38;50;7;8
2021-04-09;292021;2;8;32;35;44;8;11
2021-04-13;302021;16;20;31;47;50;2;8
2021-04-16;312021;6;11;29;40;48;5;9
2021-04-20;322021;5;17;28;41;46;10;11
2021-04-23;332021;3;14;15;19;29;2;8
2021-04-27;342021;13;14;24;35;49;1;10
2021-04-30;352021;1;16;24;28;46;2;11
2021-05-04;362021;3;10;13;28;46;4;11
2021-05-07;372021;14;22;33;38;47;8;9
2021-05-11;382021;14;25;34;43;46;5;6
2021-05-14;392021;6;16;18;29;38;6;11
2021-05-18;402021;5;13;38;39;40;4;12
2021-05-21;412021;2;9;13;15;35;3;10
2021-05-25;422021;1;21;26;30;38;2;8
2021-05-28;432021;11;13;16;34;40;1;12
2021-06-01;442021;3;10;26;35;44;6;7
2021-06-04;452021;7;20;36;40;46;2;4
2021-06-08;462021;2;11;26;36;47;7;9
2021-06-11;472021;9;17;21;33;39;7;11
2021-06-15;482021;11;21;26;30;31;2;3
2021-06-18;492021;11;20;27;30;41;3;5
2021-06-22;502021;6;24;26;27;41;3;8
2021-06-25;512021;1;29;30;33;36;3;12
2021-06-29;522021;6;12;20;24;48;5;6
2021-07-02;532021;9;14;29;38;49;7;10
2021-07-06;542021;2;5;21;27;42;9;11
2021-07-09;552021;6;19;36;37;49;4;11
2021-07-13;562021;5;6;8;11;22;3;4
2021-07-16;572021;5;16;42;47;49;3;11
2021-07-20;582021;3;12;19;41;48;6;9
2021-07-23;592021;23;24;26;34;50;2;4
2021-07-27;602021;5;9;19;21;25;10;12
2021-07-30;612021;10;23;33;35;37;5;10
2021-08-03;622021;17;21;23;45;46;7;11
2021-08-06;632021;7;14;21;26;32;4;12
2021-08-10;642021;9;37;47;48;49;2;7
2021-08-13;652021;6;12;44;47;49;8;12
2021-08-17;662021;12;31;41;42;47;4;6
2021-08-20;672021;3;9;19;20;23;9;11
2021-08-24;682021;19;21;36;44;50;3;10
2021-08-27;692021;2;3;31;46;50;8;12
2021-08-31;702021;5;13;17;32;43;2;10
2021-09-03;712021;5;7;13;29;35;3;7
2021-09-07;722021;7;19;35;42;43;7;9
2021-09-10;732021;1;6;7;18;28;2;8
2021-09-14;742021;12;18;35;38;45;2;8
2021-09-17;752021;5;7;8;10;34;1;9
2021-09-21;762021;20;25;26;30;38;2;8
2021-09-24;772021;2;12;20;27;41;10;12
2021-09-28;782021;6;7;12;33;39;1;7
2021-10-01;792021;1;15;19;26;48;6;12
2021-10-05;802021;11;13;14;36;45;7;9
2021-10-08;812021;1;10;23;42;46;3;5
2021-10-12;822021;6;13;22;45;49;10;11
2021-10-15;832021;21;26;31;34;49;2;5
2021-10-19;842021;4;20;36;40;41;1;6
2021-10-22;852021;12;17;22;33;39;2;12
2021-10-26;862021;12;15;20;42;44;1;2
2021-10-29;872021;10;15;28;32;49;3;9
2021-11-02;882021;2;3;17;29;43;1;4
2021-11-05;892021;2;12;25;30;41;8;11
2021-11-09;902021;17;25;26;33;36;1;8
2021-11-12;912021;2;9;15;47;50;6;9
2021-11-16;922021;9;19;21;32;36;3;4
2021-11-19;932021;22;26;38;47;50;2;6
2021-11-23;942021;17;21;36;42;46;7;10
2021-11-26;952021;1;20;41;42;50;3;7
2021-11-30;962021;19;20;26;33;43;1;4
2021-12-03;972021;21;22;29;32;46;9;10
2021-12-07;982021;22;31;38;46;47;7;11
2021-12-10;992021;11;21;33;38;42;2;8
2021-12-14;1002021;19;21;37;47;48;3;6
2021-12-17;1012021;1;2;15;30;35;2;7
2021-12-21;1022021;12;17;21;34;38;2;3
2021-12-24;1032021;2;26;28;34;41;5;10
2021-12-28;1042021;4;6;15;17;29;9;12
2021-12-31;1052021;7;22;25;43;49;6;7
2022-01-04;12022;18;28;35;36;41;6;11
2022-01-07;22022;2;14;37;44;50;7;11
2022-01-11;32022;4;23;32;33;44;9;12
2022-01-14;42022;6;17;25;31;46;9;12
2022-01-18;52022;3;12;19;24;30;2;5
2022-01-21;62022;5;14;35;36;39;7;12
2022-01-25;72022;6;16;18;39;47;2;4
2022-01-28;82022;10;25;29;34;45;9;10
2022-02-01;92022;1;19;36;38;49;6;9
2022-02-04;102022;3;25;38;43;49;3;7
2022-02-08;112022;6;20;34;37;43;7;10
2022-02-11;122022;13;18;38;42;45;7;11
2022-02-15;132022;9;20;31;33;44;2;12
2022-02-18;142022;25;38;41;43;50;6;10
2022-02-22;152022;5;9;14;26;32;3;7
2022-02-25;162022;10;13;24;30;42;1;5
2022-03-01;172022;8;24;26;39;42;3;5
2022-03-04;182022;6;20;40;42;43;10;12
2022-03-08;192022;12;18;21;25;31;2;9
2022-03-11;202022;12;19;22;23;48;2;6
2022-03-15;212022;1;2;12;19;26;2;8
2022-03-18;222022;1;9;14;17;43;6;12
2022-03-22;232022;7;17;21;29;40;8;11
2022-03-25;242022;6;10;24;27;29;5;12
2022-03-29;252022;8;11;33;42;43;6;11
2022-04-01;262022;2;7;21;31;45;4;10
2022-04-05;272022;1;11;13;24;49;5;6
2022-04-08;282022;1;15;16;38;45;4;11
2022-04-12;292022;21;30;31;35;47;2;10
2022-04-15;302022;6;24;30;32;48;5;6
2022-04-19;312022;2;12;17;28;46;6;10
2022-04-22;322022;6;11;21;35;36;1;9
2022-04-26;332022;4;25;28;34;45;8;11
2022-04-29;342022;10;11;20;36;37;3;7
2022-05-03;352022;8;20;26;47;48;3;8
2022-05-06;362022;3;8;18;24;40;3;11
2022-05-10;372022;3;25;27;28;29;4;9
2022-05-13;382022;3;11;17;45;48;4;8
2022-05-17;392022;5;28;30;48;49;5;11
2022-05-20;402022;8;22;23;32;50;3;9
2022-05-24;412022;10;13;27;36;37;2;10
2022-05-27;422022;15;23;28;34;48;3;5
2022-05-31;432022;3;10;13;42;49;3;9
2022-06-03;442022;12;28;29;34;48;9;11
2022-06-07;452022;6;16;17;25;31;2;6
2022-06-10;462022;17;26;36;37;40;9;12
2022-06-14;472022;2;7;27;34;40;3;11
2022-06-17;482022;19;21;22;31;38;7;11
2022-06-21;492022;6;23;36;39;47;8;10
2022-06-24;502022;10;17;28;44;50;8;12
2022-06-28;512022;10;35;42;47;48;2;11
2022-07-01;522022;6;18;24;34;46;3;12
2022-07-05;532022;7;10;25;45;48;3;6
2022-07-08;542022;28;31;35;43;46;4;7
2022-07-12;552022;14;18;24;25;50;6;11
2022-07-15;562022;9;17;29;38;39;7;10
2022-07-19;572022;6;23;27;40;41;2;12
2022-07-22;582022;16;18;29;32;50;4;11
2022-07-26;592022;3;5;17;25;27;1;9
2022-07-29;602022;3;23;38;43;48;3;8
2022-08-02;612022;7;18;28;40;48;8;11
2022-08-05;622022;3;29;33;35;44;8;10
2022-08-09;632022;18;19;21;27;47;5;11
2022-08-12;642022;14;17;34;35;42;6;10
2022-08-16;652022;10;14;25;32;39;7;8
2022-08-19;662022;2;9;13;19;38;2;6
2022-08-23;672022;19;26;31;39;48;2;3
2022-08-26;682022;22;23;25;38;44;11;12
2022-08-30;692022;4;6;10;15;19;1;4
2022-09-02;702022;7;12;13;20;45;3;12
2022-09-06;712022;7;10;22;29;44;4;5
2022-09-09;722022;17;23;24;26;27;4;9
2022-09-13;732022;9;12;15;40;47;1;11
2022-09-16;742022;10;27;36;45;49;3;4
2022-09-20;752022;11;21;23;32;48;3;12
2022-09-23;762022;14;15;22;35;48;3;8
2022-09-27;772022;4;20;21;34;44;1;3
2022-09-30;782022;1;2;11;16;26;3;12
2022-10-04;792022;3;18;28;42;43;3;12
2022-10-07;802022;26;27;42;45;50;1;12
2022-10-11;812022;8;23;32;35;40;1;8
2022-10-14;822022;24;28;29;34;48;3;7
2022-10-18;832022;3;5;13;42;48;1;6
2022-10-21;842022;25;26;28;38;40;1;6
2022-10-25;852022;7;24;34;39;46;1;6
2022-10-28;862022;14;16;21;28;35;1;11
2022-11-01;872022;19;37;42;47;48;1;6
2022-11-04;882022;2;11;37;45;47;2;3
2022-11-08;892022;3;5;32;33;50;1;8
2022-11-11;902022;2;19;24;25;44;2;10
2022-11-15;912022;13;21;24;31;33;1;12
2022-11-18;922022;13;16;19;35;41;1;11
2022-11-22;932022;21;22;24;29;42;3;11
2022-11-25;942022;19;21;35;37;39;2;6
2022-11-29;952022;15;20;24;35;38;8;12
2022-12-02;962022;12;21;35;39;45;6;11
2022-12-06;972022;12;20;25;26;27;8;12
2022-12-09;982022;8;27;31;46;50;1;3
2022-12-13;992022;3;9;12;26;30;10;11
2022-12-16;1002022;2;15;19;35;44;2;7
2022-12-20;1012022;1;11;17;20;27;4;5
2022-12-23;1022022;16;17;23;26;35;5;11
2022-12-27;1032022;19;31;33;34;43;3;5
2022-12-30;1042022;17;34;42;47;48;1;9
2023-01-03;12023;20;21;29;45;46;3;10
2023-01-06;22023;16;31;35;44;45;4;12
2023-01-10;32023;11;13;34;40;42;3;10
2023-01-13;42023;4;13;25;33;37;5;10
2023-01-17;52023;18;21;30;46;50;2;6
2023-01-20;62023;3;6;13;40;42;7;11
2023-01-24;72023;11;27;41;43;47;7;11
2023-01-27;82023;8;9;15;19;31;10;12
2023-01-31;92023;7;12;19;33;43;3;7
2023-02-03;102023;2;14;17;32;45;3;10
2023-02-07;112023;2;8;34;44;47;3;9
2023-02-10;122023;3;13;25;36;47;3;8
2023-02-14;132023;24;26;38;43;46;2;3
2023-02-17;142023;8;23;27;42;45;1;9
2023-02-21;152023;21;22;34;41;49;2;7
2023-02-24;162023;7;23;34;42;48;1;3
2023-02-28;172023;12;29;33;37;47;5;10
2023-03-03;182023;3;6;8;24;50;10;11
2023-03-07;192023;11;13;24;35;50;6;11
2023-03-10;202023;9;16;37;38;48;2;7
2023-03-14;212023;16;26;28;31;46;11;12
2023-03-17;222023;5;15;26;37;49;8;11
2023-03-21;232023;1;9;20;29;32;2;3
2023-03-24;242023;5;12;25;36;46;6;10
2023-03-28;252023;16;21;34;36;44;9;10
2023-03-31;262023;16;18;28;34;47;5;10
2023-04-04;272023;10;16;31;33;50;3;8
2023-04-07;282023;5;26;28;36;46;6;12
2023-04-11;292023;10;14;16;19;29;2;10
2023-04-14;302023;4;11;37;44;49;6;7
2023-04-18;312023;17;21;23;35;37;10;11
2023-04-21;322023;7;8;18;33;42;2;8
2023-04-25;332023;10;29;30;40;45;1;12
2023-04-28;342023;11;13;16;23;34;1;10
2023-05-02;352023;7;32;44;47;48;7;8
2023-05-05;362023;3;8;18;34;49;3;7
2023-05-09;372023;13;17;21;28;46;7;9
2023-05-12;382023;9;10;13;39;44;4;6
2023-05-16;392023;4;6;9;14;37;4;11
2023-05-19;402023;18;27;34;41;49;3;9
2023-05-23;412023;5;6;14;23;34;2;11
2023-05-26;422023;15;25;37;38;41;1;7
2023-05-30;432023;27;29;32;33;47;2;8
2023-06-02;442023;3;12;15;25;43;10;11
2023-06-06;452023;13;21;32;39;50;2;10
2023-06-09;462023;18;26;36;41;50;11;12
2023-06-13;472023;15;16;21;41;50;5;6
2023-06-16;482023;7;26;34;41;44;9;11
2023-06-20;492023;11;17;28;32;35;5;6
2023-06-23;502023;1;3;11;33;46;10;11
2023-06-27;512023;17;22;23;27;44;1;7
2023-06-30;522023;1;6;25;29;36;7;10
2023-07-04;532023;14;17;23;36;44;2;8
2023-07-07;542023;2;11;12;19;38;4;8
2023-07-11;552023;2;11;28;42;48;4;9
2023-07-14;562023;5;8;29;35;48;5;6
2023-07-18;572023;4;12;34;35;45;1;9
2023-07-21;582023;7;31;33;35;36;7;10
2023-07-25;592023;5;7;11;27;37;6;12
2023-07-28;602023;7;32;33;34;38;6;9
2023-08-01;612023;25;27;35;40;45;7;11
2023-08-04;622023;15;20;31;44;48;1;3
2023-08-08;632023;8;9;33;35;40;3;6
2023-08-11;642023;4;6;10;13;34;3;5
2023-08-15;652023;3;5;9;32;43;6;10
2023-08-18;662023;23;25;30;44;47;9;12
2023-08-22;672023;2;9;23;32;40;6;7
2023-08-25;682023;16;17;34;35;44;5;10
2023-08-29;692023;21;23;32;40;49;8;11
2023-09-01;702023;4;5;35;37;43;5;6
2023-09-05;712023;1;7;24;41;48;10;12
2023-09-08;722023;10;20;21;26;33;3;4
2023-09-12;732023;5;14;36;40;42;2;11
2023-09-15;742023;12;14;21;45;48;8;11
2023-09-19;752023;10;15;31;41;42;2;5
2023-09-22;762023;3;23;24;34;35;5;8
2023-09-26;772023;2;6;14;19;23;5;7
2023-09-29;782023;9;11;13;21;32;2;7
2023-10-03;792023;6;20;22;24;45;4;5
2023-10-06;802023;21;29;31;34;43;2;9
2023-10-10;812023;18;20;22;33;43;3;9
2023-10-13;822023;21;26;28;40;41;2;4
2023-10-17;832023;10;17;20;35;40;3;4
2023-10-20;842023;2;20;28;40;45;1;5
2023-10-24;852023;8;16;18;31;34;6;9
2023-10-27;862023;29;33;35;48;49;3;8
2023-10-31;872023;5;7;20;40;50;2;10
2023-11-03;882023;8;21;31;39;47;5;9
2023-11-07;892023;8;10;11;30;39;4;10
2023-11-10;902023;10;21;30;38;42;2;12
2023-11-14;912023;13;16;36;44;50;3;5
2023-11-17;922023;2;24;26;46;50;2;7
2023-11-21;932023;19;29;34;46;47;2;3
2023-11-24;942023;15;20;29;39;48;1;7
2023-11-28;952023;12;16;27;33;44;7;8
2023-12-01;962023;4;10;14;38;50;9;12
2023-12-05;972023;4;6;20;24;25;5;9
2023-12-08;982023;17;30;42;48;50;4;8
2023-12-12;992023;6;28;37;39;43;9;12
2023-12-15;1002023;2;13;37;38;48;5;9
2023-12-19;1012023;10;20;41;43;45;2;12
2023-12-22;1022023;6;14;34;44;49;4;12
2023-12-26;1032023;8;27;30;35;47;9;10
2023-12-29;1042023;2;3;19;36;37;6;9
2024-01-02;12024;7;15;18;46;49;10;12
2024-01-05;22024;4;7;18;39;50;3;8
2024-01-09;32024;2;9;12;39;40;1;3
2024-01-12;42024;16;17;18;45;49;9;12
2024-01-16;52024;10;18;21;33;45;8;12
2024-01-19;62024;27;28;44;48;50;7;12
2024-01-23;72024;14;23;39;48;50;3;12
2024-01-26;82024;8;19;32;41;42;9;12
2024-01-30;92024;5;10;19;27;30;5;6
2024-02-02;102024;13;20;23;27;42;5;9
2024-02-06;112024;2;7;21;28;45;5;11
2024-02-09;122024;23;24;35;37;45;9;12
2024-02-13;132024;13;17;18;20;46;4;9
2024-02-16;142024;8;13;14;24;26;1;2
2024-02-20;152024;23;31;37;42;48;3;7
2024-02-23;162024;24;27;28;30;49;1;12
2024-02-27;172024;3;4;9;12;20;5;6
2024-03-01;182024;4;7;19;20;34;2;4
2024-03-05;192024;2;15;17;23;36;3;8
2024-03-08;202024;8;11;12;16;44;4;7
2024-03-12;212024;13;19;30;38;46;4;12
2024-03-15;222024;1;4;31;34;40;4;5
2024-03-19;232024;7;16;18;20;32;1;3
2024-03-22;242024;8;11;23;32;44;9;10
2024-03-26;252024;2;13;14;26;29;5;6
2024-03-29;262024;16;17;35;36;49;1;10
2024-04-02;272024;1;23;31;36;48;5;8
2024-04-05;282024;13;18;26;35;37;8;11
2024-04-09;292024;19;23;26;27;46;2;10
2024-04-12;302024;2;3;12;16;45;2;11
2024-04-16;312024;22;29;31;39;46;3;7
2024-04-19;322024;10;20;40;44;46;1;3
2024-04-23;332024;6;9;11;32;49;2;10
2024-04-26;342024;2;20;39;40;47;4;8
2024-04-30;352024;13;22;24;33;47;1;5
2024-05-03;362024;6;9;10;30;49;3;4
2024-05-07;372024;35;36;41;42;45;6;11
2024-05-10;382024;13;28;29;44;48;4;12
2024-05-14;392024;2;8;17;28;35;7;9
2024-05-17;402024;18;31;32;41;46;1;10
2024-05-21;412024;11;13;14;34;48;7;9
2024-05-24;422024;9;12;18;22;50;1;3
2024-05-28;432024;16;18;35;36;41;6;7
2024-05-31;442024;4;7;16;33;34;7;8
2024-06-04;452024;6;7;9;14;43;3;4
2024-06-07;462024;15;16;26;30;37;5;8
2024-06-11;472024;7;15;34;45;48;7;9
2024-06-14;482024;2;13;16;24;32;1;7
2024-06-18;492024;3;11;33;34;36;1;12
2024-06-21;502024;3;4;7;11;17;3;12
2024-06-25;512024;14;16;37;45;49;5;7
2024-06-28;522024;10;16;18;22;35;1;10
2024-07-02;532024;2;7;34;35;46;6;8
2024-07-05;542024;11;13;29;31;47;1;11
2024-07-09;552024;6;15;19;28;39;7;11
2024-07-12;562024;12;18;24;25;39;8;10
2024-07-16;572024;2;32;35;36;39;7;8
2024-07-19;582024;15;22;35;44;48;6;7
2024-07-23;592024;4;8;10;16;34;4;8
2024-07-26;602024;4;19;23;35;37;4;8
2024-07-30;612024;9;25;28;37;38;2;8
2024-08-02;622024;5;7;12;33;46;3;12
2024-08-06;632024;1;18;27;41;50;2;12
2024-08-09;642024;21;23;25;33;44;4;10
2024-08-13;652024;15;16;39;40;47;1;6
2024-08-16;662024;15;17;29;45;49;1;10
2024-08-20;672024;7;10;13;18;26;3;12
2024-08-23;682024;9;15;24;47;50;8;9
2024-08-27;692024;1;8;11;42;47;4;11
2024-08-30;702024;3;24;27;33;42;4;6
2024-09-03;712024;7;9;11;16;45;2;5
2024-09-06;722024;12;14;34;41;47;3;4
2024-09-10;732024;6;29;46;47;48;2;9
2024-09-13;742024;10;15;17;31;42;4;12
2024-09-17;752024;20;30;32;41;44;1;10
2024-09-20;762024;16;25;29;34;37;3;7
2024-09-24;772024;18;20;21;36;49;3;5
2024-09-27;782024;7;20;21;27;38;5;12
2024-10-01;792024;8;22;29;41;42;9;11
2024-10-04;802024;4;8;16;17;20;1;6
2024-10-08;812024;7;14;19;34;40;6;8
2024-10-11;822024;16;23;32;46;49;4;5
2024-10-15;832024;2;15;32;36;48;3;9
2024-10-18;842024;4;15;23;30;39;1;12
2024-10-22;852024;3;13;27;30;46;1;2
2024-10-25;862024;4;17;20;25;45;8;9
2024-10-29;872024;1;2;19;30;45;10;12
2024-11-01;882024;7;33;38;44;50;2;7
2024-11-05;892024;1;8;19;37;50;6;9
2024-11-08;902024;2;33;35;42;48;1;3
2024-11-12;912024;10;11;12;22;50;1;10
2024-11-15;922024;7;8;34;39;44;2;6
2024-11-19;932024;4;13;20;28;49;7;12
2024-11-22;942024;10;11;12;29;31;8;11
2024-11-26;952024;7;11;25;31;40;9;12
2024-11-29;962024;8;17;18;29;43;5;9
2024-12-03;972024;23;25;34;46;47;6;8
2024-12-06;982024;14;25;39;44;47;6;10
2024-12-10;992024;5;24;25;29;47;5;9
2024-12-13;1002024;1;15;25;42;50;4;10
2024-12-17;1012024;1;3;4;21;29;2;7
2024-12-20;1022024;10;14;21;33;50;6;9
2024-12-24;1032024;6;10;16;23;24;11;12
2024-12-27;1042024;12;22;27;33;45;4;8
2024-12-31;1052024;19;24;26;28;33;8;12
2025-01-03;12025;3;19;29;35;37;1;9
2025-01-07;22025;20;33;35;41;47;4;12
2025-01-10;32025;12;27;36;37;42;6;7
2025-01-14;42025;18;20;29;41;48;5;9
2025-01-17;52025;8;15;24;35;42;6;8
2025-01-21;62025;6;8;14;27;41;4;5
2025-01-24;72025;2;11;19;30;49;3;8
2025-01-28;82025;9;37;41;42;49;1;9
2025-01-31;92025;22;30;41;44;49;2;7
2025-02-04;102025;3;4;29;39;43;5;10
2025-02-07;112025;10;23;24;29;45;8;10
2025-02-11;122025;3;21;36;41;46;1;6
2025-02-14;132025;4;14;31;36;38;3;10
2025-02-18;142025;5;14;25;26;40;5;7
2025-02-21;152025;1;3;11;20;43;2;11
2025-02-25;162025;17;22;23;24;44;6;11
2025-02-28;172025;7;16;31;43;46;5;9
2025-03-04;182025;15;20;29;35;42;2;9
2025-03-07;192025;6;10;27;32;48;3;8
2025-03-11;202025;13;36;37;42;47;7;11
2025-03-14;212025;8;10;33;35;49;2;9
2025-03-18;222025;4;9;35;46;50;8;11
2025-03-21;232025;9;17;18;21;50;5;12
2025-03-25;242025;1;3;18;33;36;2;6
2025-03-28;252025;10;21;30;42;45;1;9
2025-04-01;262025;9;24;30;46;49;4;12
2025-04-04;272025;27;39;41;45;50;5;7
2025-04-08;282025;3;14;15;48;49;1;7
2025-04-11;292025;14;28;34;46;49;3;8
2025-04-15;302025;3;31;33;38;44;6;12
2025-04-18;312025;20;27;35;39;48;3;8
2025-04-22;322025;7;28;33;37;47;9;12
2025-04-25;332025;13;22;32;39;41;1;12
2025-04-29;342025;2;9;24;30;41;1;11
2025-05-02;352025;3;5;19;21;49;1;10
2025-05-06;362025;8;23;24;47;48;4;9
2025-05-09;372025;15;18;25;29;47;5;9
2025-05-13;382025;9;19;44;47;50;2;9
2025-05-16;392025;6;9;25;37;46;6;12
2025-05-20;402025;1;8;13;29;47;5;6
2025-05-23;412025;10;29;43;46;49;7;12
2025-05-27;422025;12;30;38;40;41;4;12
2025-05-30;432025;4;7;14;33;36;1;5
2025-06-03;442025;12;15;38;47;48;5;7
2025-06-06;452025;20;21;29;30;35;2;12
2025-06-10;462025;19;36;39;40;45;5;6
2025-06-13;472025;2;28;40;43;45;3;7
2025-06-17;482025;13;22;23;44;49;3;5
2025-06-20;492025;5;8;24;37;47;3;9
2025-06-24;502025;7;16;21;23;39;7;11
2025-06-27;512025;19;27;36;45;49;7;10
2025-07-01;522025;1;17;28;32;34;7;8
2025-07-04;532025;19;29;42;45;48;5;7
2025-07-08;542025;1;8;9;18;50;1;5
2025-07-11;552025;8;23;24;45;49;2;10
2025-07-15;562025;24;38;41;45;49;1;6
2025-07-18;572025;13;19;25;42;45;2;9
2025-07-22;582025;8;15;26;33;41;9;10
2025-07-25;592025;6;7;23;32;36;11;12
2025-07-29;602025;5;6;42;44;46;4;8
2025-08-01;612025;4;16;25;29;30;2;10
2025-08-05;622025;1;3;5;42;47;5;10
2025-08-08;632025;2;12;19;34;44;6;10
2025-08-12;642025;18;28;42;46;48;3;9
2025-08-15;652025;13;30;35;36;40;2;6
2025-08-19;662025;24;31;34;41;43;6;8
2025-08-22;672025;6;9;12;30;39;4;10
2025-08-26;682025;2;14;38;42;45;10;11
2025-08-29;692025;6;9;10;13;37;1;7
2025-09-02;702025;13;30;31;32;36;1;12
2025-09-05;712025;27;30;31;41;43;5;8
2025-09-09;722025;3;13;24;39;40;2;8
2025-09-12;732025;5;10;23;31;37;3;11
2025-09-16;742025;1;9;13;35;40;5;6
2025-09-19;752025;8;10;26;32;42;9;12
2025-09-23;762025;11;13;24;29;33;2;5
2025-09-26;772025;4;17;25;28;44;5;11
2025-09-30;782025;3;8;15;17;48;2;8
2025-10-03;792025;6;12;18;25;41;2;6
2025-10-07;802025;24;39;42;43;48;5;8
2025-10-10;812025;6;7;17;20;21;1;10
2025-10-14;822025;5;8;14;16;18;3;10
2025-10-17;832025;13;35;39;44;47;3;5
2025-10-21;842025;5;24;29;40;42;6;12
2025-10-24;852025;7;8;25;31;45;7;12
2025-10-28;862025;7;8;24;35;49;2;12
2025-10-31;872025;5;14;38;43;45;7;11
2025-11-04;882025;6;9;25;28;45;1;4
2025-11-07;892025;11;21;39;40;43;2;8
2025-11-11;902025;4;22;32;36;47;2;10
2025-11-14;912025;9;26;27;45;48;8;9
2025-11-18;922025;2;4;15;21;48;6;12
2025-11-21;932025;17;19;29;35;48;5;9
2025-11-25;942025;6;11;17;35;44;3;7
2025-11-28;952025;5;29;33;39;42;3;9
2025-12-02;962025;4;13;14;20;41;6;12
2025-12-05;972025;9;15;25;34;46;8;12
2025-12-09;982025;2;8;13;29;49;2;11
2025-12-12;992025;7;25;30;37;41;5;11
2025-12-16;1002025;14;16;40;41;44;2;10
2025-12-19;1012025;17;21;39;43;44;1;11
2025-12-23;1022025;8;26;27;29;44;11;12
2025-12-26;1032025;12;22;32;36;48;3;4
2025-12-30;1042025;11;26;29;34;44;1;10
2026-01-02;12026;8;27;42;44;46;1;10
2026-01-06;22026;5;14;17;18;31;10;12
2026-01-09;32026;1;7;10;26;34;2;4
2026-01-13;42026;6;10;18;44;47;2;10
2026-01-16;52026;5;17;24;29;50;5;10
2026-01-20;62026;11;18;19;22;50;1;11
2026-01-23;72026;4;5;13;21;42;3;10
2026-01-27;82026;4;23;42;43;47;3;9
2026-01-30;92026;14;18;31;35;46;7;11
2026-02-03;102026;26;27;28;34;37;4;9
2026-02-06;112026;10;13;20;23;24;6;11
2026-02-10;122026;1;17;19;34;42;5;8
2026-02-13;132026;9;13;31;37;40;6;9
2026-02-17;142026;1;4;6;10;41;5;12
2026-02-20;152026;13;24;28;33;35;5;9
2026-02-24;162026;10;27;40;43;47;6;10
2026-02-27;172026;14;24;27;39;42;6;10
2026-03-03;182026;6;7;24;34;50;5;7
2026-03-06;192026;15;16;19;28;37;6;9
2026-03-10;202026;12;14;27;44;50;4;12
2026-03-13;212026;13;17;26;41;48;4;10
2026-03-17;222026;5;17;28;33;41;3;9
2026-03-20;232026;5;12;16;37;46;8;10
2026-03-24;242026;12;16;17;18;27;1;3
2026-03-27;252026;4;10;43;44;48;2;4
2026-03-31;262026;5;8;10;33;38;2;7
2026-04-03;272026;8;27;29;46;49;2;10
2026-04-07;282026;11;14;19;36;49;6;7
2026-04-10;292026;10;13;14;38;41;6;9
2026-04-14;302026;1;2;4;28;44;5;12
2026-04-17;312026;22;23;28;41;47;6;8
2026-04-21;322026;13;16;29;40;47;3;4
2026-04-24;332026;25;26;30;40;45;1;5
2026-04-28;342026;26;29;41;46;47;8;9
2026-05-01;352026;3;9;42;46;47;1;11
2026-05-05;362026;3;4;8;20;31;6;8
2026-05-08;372026;2;17;19;34;37;8;11
2026-05-12;382026;4;26;32;35;36;5;7
2026-05-15;392026;3;10;38;41;43;2;9
2026-05-19;402026;2;12;20;38;45;2;5
2026-05-22;412026;6;22;26;31;37;5;8
2026-05-26;422026;6;23;25;35;37;6;12
2026-05-29;432026;5;14;18;31;35;2;12
2026-06-02;442026;6;9;17;18;42;7;9
2026-06-05;452026;5;6;16;17;49;2;12
